0.6671,1.2211,-0.84066,-0.02065,-0.028041,0.281
0.64142,1.1586,-0.78954,-0.020188,0.031841,0.062911
0.60478,1.1028,-0.73926,-0.022809,0.043207,0.050424
0.57309,1.0482,-0.697,-0.026772,0.048627,0.038044
0.54492,0.99537,-0.65972,-0.030903,0.050806,0.026223
0.51915,0.9448,-0.62576,-0.034708,0.051119,0.015204
0.49521,0.89656,-0.59428,-0.038038,0.050307,0.0050139
0.47276,0.85066,-0.5648,-0.040862,0.048799,-0.0043714
0.45157,0.80703,-0.53701,-0.043197,0.046856,-0.012997
0.4315,0.7656,-0.51073,-0.045078,0.044647,-0.020914
0.41243,0.72629,-0.48581,-0.046547,0.042286,-0.028173
0.3943,0.68898,-0.46215,-0.047648,0.039849,-0.034823
0.37701,0.65359,-0.43966,-0.048422,0.037391,-0.040908
0.36053,0.62003,-0.41826,-0.048907,0.034948,-0.046471
0.34479,0.58819,-0.39789,-0.049138,0.032549,-0.051551
0.32977,0.55801,-0.37851,-0.049147,0.030211,-0.056182
0.31541,0.52938,-0.36005,-0.048963,0.027949,-0.060397
0.30169,0.50223,-0.34248,-0.04861,0.02577,-0.064226
0.28857,0.47648,-0.32575,-0.048111,0.023681,-0.067695
0.27602,0.45207,-0.30981,-0.047487,0.021685,-0.070829
0.26403,0.42892,-0.29464,-0.046755,0.019784,-0.073651
0.25255,0.40696,-0.28019,-0.045931,0.017978,-0.076181
0.24157,0.38613,-0.26644,-0.04503,0.016266,-0.078438
0.23107,0.36638,-0.25335,-0.044064,0.014648,-0.080439
0.22102,0.34765,-0.24088,-0.043045,0.013121,-0.082198
0.2114,0.32989,-0.22902,-0.041982,0.011682,-0.083732
0.2022,0.31304,-0.21772,-0.040884,0.010329,-0.085052
0.1934,0.29705,-0.20698,-0.03976,0.0090586,-0.08617
0.18497,0.28189,-0.19675,-0.038616,0.0078678,-0.087097
0.17691,0.26751,-0.18702,-0.037459,0.0067532,-0.087844
0.16919,0.25387,-0.17776,-0.036294,0.0057117,-0.088418
0.16181,0.24093,-0.16895,-0.035126,0.0047398,-0.08883
0.15474,0.22865,-0.16056,-0.033959,0.0038343,-0.089086
0.14798,0.217,-0.15259,-0.032797,0.0029919,-0.089193
0.1415,0.20595,-0.14501,-0.031644,0.0022094,-0.089159
0.13531,0.19547,-0.13779,-0.030503,0.0014836,-0.088988
0.12938,0.18552,-0.13093,-0.029376,0.00081154,-0.088688
0.12371,0.17608,-0.12441,-0.028266,0.00019024,-0.088261
0.11828,0.16713,-0.11821,-0.027174,-0.00038318,-0.087715
0.11309,0.15863,-0.11231,-0.026103,-0.00091145,-0.087052
0.10812,0.15057,-0.1067,-0.025053,-0.0013972,-0.086278
0.10337,0.14291,-0.10137,-0.024027,-0.0018431,-0.085395
0.098822,0.13565,-0.096297,-0.023025,-0.0022514,-0.084408
0.094472,0.12876,-0.091479,-0.022048,-0.0026245,-0.083319
0.090311,0.12223,-0.086898,-0.021097,-0.0029646,-0.082133
0.086331,0.11602,-0.082544,-0.020173,-0.003274,-0.080851
0.082524,0.11013,-0.078406,-0.019277,-0.0035544,-0.079478
0.078884,0.10454,-0.074473,-0.018408,-0.003808,-0.078014
0.075402,0.099239,-0.070735,-0.017567,-0.0040364,-0.076464
0.072073,0.094206,-0.067183,-0.016754,-0.0042415,-0.074829
0.06889,0.089428,-0.063807,-0.01597,-0.0044248,-0.073111
0.065847,0.084893,-0.060599,-0.015214,-0.0045878,-0.071314
0.062937,0.08059,-0.057551,-0.014487,-0.0047322,-0.069438
0.060156,0.076504,-0.054655,-0.013789,-0.0048591,-0.067485
0.057498,0.072627,-0.051903,-0.01312,-0.0049699,-0.065459
0.054957,0.068947,-0.049289,-0.012478,-0.0050658,-0.06336
0.052529,0.065453,-0.046805,-0.011866,-0.005148,-0.06119
0.050209,0.062137,-0.044445,-0.011282,-0.0052175,-0.058951
0.047992,0.05899,-0.042203,-0.010726,-0.0052754,-0.056645
0.045874,0.056002,-0.040073,-0.010197,-0.0053225,-0.054273
0.043806,0.053167,-0.03805,-0.0096964,-0.0053371,-0.051854
0.041736,0.050477,-0.036131,-0.0092206,-0.0052822,-0.049419
0.039763,0.047924,-0.034309,-0.0087683,-0.005132,-0.047006
0.037793,0.045501,-0.03258,-0.0083383,-0.004911,-0.044647
0.035886,0.043202,-0.03094,-0.0079294,-0.004679,-0.042393
0.034076,0.041019,-0.029382,-0.0075404,-0.0044557,-0.040253
0.032357,0.038946,-0.027903,-0.0071703,-0.0042409,-0.038221
0.030724,0.036978,-0.026498,-0.0068182,-0.0040346,-0.036292
0.029174,0.03511,-0.025164,-0.0064833,-0.0038369,-0.03446
0.027702,0.033336,-0.023896,-0.0061647,-0.0036474,-0.032721
0.026304,0.031652,-0.022693,-0.0058616,-0.0034662,-0.031069
0.024976,0.030052,-0.02155,-0.0055733,-0.003293,-0.029502
0.023716,0.028534,-0.020465,-0.0052991,-0.0031275,-0.028013
0.022519,0.027092,-0.019435,-0.0050383,-0.0029697,-0.026599
0.021383,0.025724,-0.018456,-0.0047901,-0.0028192,-0.025257
0.020304,0.024424,-0.017526,-0.0045541,-0.0026758,-0.023983
0.019279,0.02319,-0.016644,-0.0043296,-0.0025393,-0.022773
0.018306,0.022019,-0.015805,-0.0041161,-0.0024093,-0.021624
0.017382,0.020906,-0.015009,-0.003913,-0.0022857,-0.020533
0.016505,0.01985,-0.014254,-0.0037198,-0.0021682,-0.019497
0.015672,0.018848,-0.013536,-0.003536,-0.0020566,-0.018513
0.014881,0.017896,-0.012854,-0.0033612,-0.0019505,-0.017579
0.01413,0.016992,-0.012207,-0.003195,-0.0018498,-0.016692
0.013417,0.016133,-0.011592,-0.0030369,-0.0017542,-0.01585
0.012739,0.015318,-0.011008,-0.0028866,-0.0016635,-0.01505
0.012096,0.014545,-0.010454,-0.0027437,-0.0015774,-0.014291
0.011486,0.01381,-0.0099271,-0.0026079,-0.0014958,-0.01357
0.010906,0.013112,-0.0094271,-0.0024791,-0.0014184,-0.012886
0.010355,0.01245,-0.0089524,-0.002357,-0.001345,-0.012236
0.0098328,0.011821,-0.0085015,-0.0022416,-0.0012754,-0.01162
0.0093364,0.011224,-0.0080733,-0.0021331,-0.0012094,-0.011035
0.0088652,0.010657,-0.0076667,-0.0020319,-0.0011469,-0.010481
0.0084177,0.010119,-0.0072806,-0.0019385,-0.0010876,-0.0099557
0.0079927,0.0096078,-0.0069139,-0.0018536,-0.0010314,-0.0094589
0.0075893,0.0091225,-0.0065657,-0.0017774,-0.00097805,-0.0089891
0.0072062,0.0086618,-0.006235,-0.0017092,-0.00092744,-0.0085445
0.0068424,0.0082243,-0.005921,-0.0016475,-0.00087943,-0.0081234
0.006497,0.0078089,-0.0056228,-0.0015908,-0.00083389,-0.0077237
0.006169,0.0074145,-0.0053396,-0.0015375,-0.00079071,-0.0073438
0.0058576,0.00704,-0.0050707,-0.0014867,-0.00074976,-0.0069823
0.0055619,0.0066845,-0.0048153,-0.0014379,-0.00071093,-0.0066383
0.0052812,0.0063469,-0.0045728,-0.0013909,-0.00067411,-0.0063108
0.0050146,0.0060263,-0.0043425,-0.0013454,-0.0006392,-0.0059991
0.0047614,0.005722,-0.0041238,-0.0013014,-0.00060609,-0.0057023
0.0045211,0.005433,-0.0039162,-0.0012589,-0.0005747,-0.0054198
0.0042928,0.0051586,-0.0037189,-0.0012179,-0.00054494,-0.005151
0.0040761,0.004898,-0.0035317,-0.0011783,-0.00051671,-0.0048953
0.0038704,0.0046507,-0.0033538,-0.0011401,-0.00048994,-0.004652
0.003675,0.0044158,-0.0031849,-0.0011033,-0.00046455,-0.0044206
0.0034895,0.0041928,-0.0030245,-0.001068,-0.00044048,-0.0042005
0.0033133,0.003981,-0.0028722,-0.001034,-0.00041765,-0.0039912
0.0031461,0.00378,-0.0027276,-0.0010013,-0.00039601,-0.0037923
0.0029873,0.0035891,-0.0025902,-0.00096999,-0.00037548,-0.0036032
0.0028365,0.0034078,-0.0024598,-0.00093993,-0.00035601,-0.0034235
0.0026933,0.0032357,-0.0023359,-0.00091112,-0.00033755,-0.0032528
0.0025573,0.0030723,-0.0022183,-0.00088353,-0.00032004,-0.0030905
0.0024282,0.0029171,-0.0021066,-0.00085711,-0.00030344,-0.0029364
0.0023057,0.0027698,-0.0020005,-0.00083184,-0.00028769,-0.0027901
0.0021893,0.0026299,-0.0018998,-0.00080769,-0.00027277,-0.0026512
0.0020788,0.0024971,-0.0018041,-0.00078462,-0.00025861,-0.0025193
0.0019738,0.002371,-0.0017133,-0.00076259,-0.00024519,-0.0023941
0.0018742,0.0022513,-0.001627,-0.00074159,-0.00023246,-0.0022753
0.0017796,0.0021376,-0.0015451,-0.00072158,-0.00022039,-0.0021626
0.0016898,0.0020296,-0.0014673,-0.00070254,-0.00020894,-0.0020557
0.0016045,0.0019271,-0.0013934,-0.00068444,-0.00019809,-0.0019544
0.0015235,0.0018298,-0.0013233,-0.00066726,-0.0001878,-0.0018584
0.0014466,0.0017374,-0.0012566,-0.00065099,-0.00017804,-0.0017673
0.0013736,0.0016496,-0.0011934,-0.00063559,-0.00016879,-0.0016811
0.0013042,0.0015663,-0.0011333,-0.00062107,-0.00016001,-0.0015995
0.0012384,0.0014872,-0.0010762,-0.0006074,-0.0001517,-0.0015222
0.0011759,0.0014121,-0.001022,-0.00059458,-0.00014381,-0.001449
0.0011165,0.0013408,-0.00097057,-0.00058261,-0.00013633,-0.0013798
0.0010602,0.0012731,-0.0009217,-0.00057147,-0.00012925,-0.0013144
0.0010067,0.0012088,-0.0008753,-0.00056118,-0.00012252,-0.0012525
0.00095585,0.0011478,-0.00083123,-0.00055173,-0.00011615,-0.001194
0.0009076,0.0010898,-0.00078938,-0.00054315,-0.00011011,-0.0011388
0.00086179,0.0010348,-0.00074964,-0.00053545,-0.00010439,-0.0010866
0.00081829,0.00098251,-0.0007119,-0.00052866,-9.8958e-05,-0.0010373
0.00077699,0.00093289,-0.00067606,-0.0005228,-9.3812e-05,-0.00099081
0.00073778,0.00088578,-0.00064202,-0.00051793,-8.8934e-05,-0.00094691
0.00070054,0.00084105,-0.0006097,-0.0005141,-8.431e-05,-0.00090548
0.00066518,0.00079857,-0.000579,-0.00051139,-7.9928e-05,-0.00086637
0.00063161,0.00075824,-0.00054986,-0.00050988,-7.5774e-05,-0.00082946
0.00059973,0.00071995,-0.00052217,-0.00050968,-7.1838e-05,-0.0007946
0.00056946,0.00068359,-0.00049589,-0.00051096,-6.8108e-05,-0.00076165
0.00054072,0.00064907,-0.00047092,-0.00051389,-6.4575e-05,-0.00073047
0.00051343,0.00061629,-0.00044722,-0.00051872,-6.1227e-05,-0.00070091
0.00048752,0.00058517,-0.0004247,-0.00052577,-5.8056e-05,-0.00067283
0.00046291,0.00055562,-0.00040332,-0.00053546,-5.5055e-05,-0.00064604
0.00043955,0.00052756,-0.00038302,-0.00054836,-5.2214e-05,-0.00062037
0.00041737,0.00050092,-0.00036374,-0.00056527,-4.9528e-05,-0.00059557
0.0003963,0.00047562,-0.00034543,-0.00058727,-4.6992e-05,-0.00057137
0.0003763,0.0004516,-0.00032804,-0.00061593,-4.4602e-05,-0.0005474
0.00035731,0.0004288,-0.00031153,-0.00065342,-4.2359e-05,-0.00052317
0.00033928,0.00040714,-0.00029584,-0.00070257,-4.0274e-05,-0.00049798
0.00032216,0.00038658,-0.00028095,-0.00076574,-3.8377e-05,-0.00047102
0.0003059,0.00036706,-0.00026681,-0.00083794,-3.6753e-05,-0.00044189
0.00029046,0.00034852,-0.00025338,-0.00088506,-3.5589e-05,-0.00041301
0.00026831,0.00033092,-0.00024271,-0.001029,-2.3965e-05,0.00020437
0.00024666,0.00031421,-0.00023278,-0.0012011,-1.2434e-05,0.0010002
0.00022584,0.00029835,-0.00022344,-0.0013747,-1.1431e-06,0.001789
0.00020584,0.00028328,-0.00021467,-0.001548,9.9084e-06,0.0025584
0.0001866,0.00026898,-0.00020643,-0.0017207,2.0733e-05,0.0033084
0.00016811,0.00025539,-0.0001987,-0.0018928,3.1341e-05,0.0040392
0.00015031,0.0002425,-0.00019146,-0.0020644,4.1744e-05,0.0047511
0.00013318,0.00023025,-0.00018468,-0.0022354,5.1954e-05,0.0054446
0.00011669,0.00021863,-0.00017834,-0.0024058,6.1978e-05,0.0061202
0.0001008,0.00020759,-0.00017241,-0.0025756,7.1827e-05,0.0067781
8.5492e-05,0.0001971,-0.00016689,-0.0027449,8.1511e-05,0.0074189
7.0729e-05,0.00018715,-0.00016174,-0.0029135,9.1036e-05,0.008043
5.6488e-05,0.0001777,-0.00015696,-0.0030816,0.00010041,0.0086508
4.2744e-05,0.00016873,-0.00015252,-0.0032492,0.00010965,0.0092427
2.9473e-05,0.00016021,-0.00014841,-0.0034162,0.00011875,0.0098192
1.6654e-05,0.00015212,-0.00014461,-0.0035827,0.00012772,0.010381
4.2634e-06,0.00014444,-0.0001411,-0.0037486,0.00013657,0.010928
-7.7179e-06,0.00013714,-0.00013789,-0.0039141,0.0001453,0.01146
-1.931e-05,0.00013022,-0.00013494,-0.0040791,0.00015393,0.011979
-3.053e-05,0.00012364,-0.00013225,-0.0042437,0.00016246,0.012485
-4.1397e-05,0.0001174,-0.00012981,-0.0044079,0.00017088,0.012977
-5.1926e-05,0.00011147,-0.0001276,-0.0045716,0.00017922,0.013457
-6.2135e-05,0.00010584,-0.00012562,-0.004735,0.00018746,0.013925
-7.2037e-05,0.0001005,-0.00012385,-0.004898,0.00019562,0.014381
-8.1648e-05,9.5424e-05,-0.00012229,-0.0050608,0.00020371,0.014826
-9.098e-05,9.0606e-05,-0.00012092,-0.0052232,0.00021172,0.015259
-0.00010005,8.6031e-05,-0.00011974,-0.0053853,0.00021966,0.015682
-0.00010886,8.1687e-05,-0.00011874,-0.0055472,0.00022753,0.016094
-0.00011743,7.7562e-05,-0.00011791,-0.0057088,0.00023534,0.016496
-0.00012577,7.3646e-05,-0.00011724,-0.0058702,0.00024309,0.016889
-0.0001339,6.9927e-05,-0.00011672,-0.0060314,0.00025078,0.017271
-0.00014181,6.6397e-05,-0.00011636,-0.0061925,0.00025842,0.017645
-0.00014952,6.3044e-05,-0.00011613,-0.0063533,0.00026601,0.018009
-0.00015704,5.9861e-05,-0.00011605,-0.0065141,0.00027355,0.018365
-0.00016438,5.6838e-05,-0.00011609,-0.0066747,0.00028104,0.018713
-0.00017154,5.3968e-05,-0.00011626,-0.0068352,0.00028849,0.019052
-0.00017854,5.1243e-05,-0.00011655,-0.0069956,0.0002959,0.019384
-0.00018537,4.8656e-05,-0.00011696,-0.0071559,0.00030328,0.019708
-0.00019206,4.6199e-05,-0.00011747,-0.0073161,0.00031062,0.020024
-0.0001986,4.3866e-05,-0.00011809,-0.0074762,0.00031792,0.020333
-0.000205,4.1651e-05,-0.00011881,-0.0076363,0.00032519,0.020635
-0.00021126,3.9548e-05,-0.00011963,-0.0077963,0.00033243,0.02093
-0.0002174,3.7551e-05,-0.00012055,-0.0079562,0.00033965,0.021218
-0.00022341,3.5655e-05,-0.00012155,-0.0081161,0.00034683,0.0215
-0.00022931,3.3855e-05,-0.00012264,-0.008276,0.000354,0.021776
-0.0002351,3.2145e-05,-0.00012381,-0.0084358,0.00036113,0.022045
-0.00024077,3.0522e-05,-0.00012506,-0.0085955,0.00036825,0.022309
-0.00024635,2.8981e-05,-0.00012639,-0.0087551,0.00037534,0.022566
-0.00025182,2.7518e-05,-0.00012779,-0.0089147,0.00038241,0.022818
-0.0002572,2.6128e-05,-0.00012926,-0.0090742,0.00038947,0.023063
-0.00026249,2.4809e-05,-0.0001308,-0.0092337,0.00039651,0.023304
-0.00026769,2.3556e-05,-0.00013241,-0.009393,0.00040353,0.023539
-0.0002728,2.2367e-05,-0.00013408,-0.0095522,0.00041053,0.023769
-0.00027783,2.1237e-05,-0.00013581,-0.0097113,0.00041752,0.023993
-0.00028279,2.0165e-05,-0.0001376,-0.0098702,0.0004245,0.024213
-0.00028767,1.9147e-05,-0.00013944,-0.010029,0.00043146,0.024427
-0.00029247,1.818e-05,-0.00014134,-0.010188,0.00043841,0.024636
-0.00029721,1.7262e-05,-0.0001433,-0.010346,0.00044535,0.024841
-0.00030188,1.639e-05,-0.00014531,-0.010504,0.00045228,0.025041
-0.00030648,1.5562e-05,-0.00014736,-0.010662,0.0004592,0.025236
-0.00031102,1.4776e-05,-0.00014915,-0.01082,0.00046611,0.025426
-0.0003155,1.403e-05,-0.00015244,-0.010977,0.00047301,0.025612
-0.00031992,1.3322e-05,-0.00015378,-0.011134,0.0004799,0.025793
-0.00032428,1.2649e-05,-0.00015602,-0.011291,0.00048678,0.025969
-0.00032859,1.201e-05,-0.0001583,-0.011447,0.00049366,0.026141
-0.00033284,1.1404e-05,-0.00016062,-0.011603,0.00050053,0.026309
-0.00033704,1.0828e-05,-0.00016298,-0.011758,0.00050739,0.026472
-0.00034119,1.0281e-05,-0.00016538,-0.011913,0.00051424,0.026631
-0.00034529,9.7615e-06,-0.00016782,-0.012068,0.00052109,0.026785
-0.00034934,9.2685e-06,-0.00017029,-0.012222,0.00052793,0.026936
-0.00035335,8.8003e-06,-0.00017279,-0.012375,0.00053476,0.027081
-0.00035731,8.3558e-06,-0.00017533,-0.012527,0.00054159,0.027223
-0.00036123,7.9337e-06,-0.00017791,-0.012679,0.00054842,0.02736
-0.0003651,7.533e-06,-0.00018051,-0.01283,0.00055524,0.027493
-0.00036893,7.1524e-06,-0.00018314,-0.012981,0.00056205,0.027621
-0.00037272,6.7911e-06,-0.00018581,-0.01313,0.00056886,0.027746
-0.00037647,6.448e-06,-0.0001885,-0.013279,0.00057567,0.027866
-0.00038019,6.1222e-06,-0.00019122,-0.013426,0.00058247,0.027981
-0.00038386,5.8128e-06,-0.00019397,-0.013573,0.00058926,0.028093
-0.0003875,5.5191e-06,-0.00019674,-0.013718,0.00059605,0.0282
-0.00039109,5.2402e-06,-0.00019954,-0.013863,0.00060284,0.028302
-0.00039466,4.9754e-06,-0.00020237,-0.014006,0.00060962,0.028401
-0.00039818,4.7239e-06,-0.00020522,-0.014148,0.00061639,0.028495
-0.00040168,4.4852e-06,-0.00020809,-0.014289,0.00062316,0.028584
-0.00040513,4.2584e-06,-0.00021099,-0.014428,0.00062993,0.02867
-0.00040856,4.0432e-06,-0.0002139,-0.014566,0.00063669,0.028751
-0.00041195,3.8387e-06,-0.00021684,-0.014703,0.00064345,0.028827
-0.00041531,3.6446e-06,-0.0002198,-0.014838,0.0006502,0.028899
-0.00041863,3.4603e-06,-0.00022278,-0.014971,0.00065695,0.028966
-0.00042193,3.2853e-06,-0.00022578,-0.015103,0.00066369,0.029029
-0.00042519,3.1192e-06,-0.0002288,-0.015233,0.00067042,0.029088
-0.00042842,2.9614e-06,-0.00023184,-0.015361,0.00067716,0.029141
-0.00043163,2.8115e-06,-0.00023489,-0.015487,0.00068388,0.029191
-0.0004348,2.6693e-06,-0.00023797,-0.015611,0.0006906,0.029235
-0.00043794,2.5342e-06,-0.00024106,-0.015733,0.00069731,0.029275
-0.00044105,2.4059e-06,-0.00024416,-0.015853,0.00070402,0.02931
-0.00044413,2.2841e-06,-0.00024728,-0.015971,0.00071072,0.02934
-0.00044719,2.1684e-06,-0.00025042,-0.016086,0.00071742,0.029366
-0.00045021,2.0586e-06,-0.00025357,-0.016199,0.00072411,0.029386
-0.00045321,1.9543e-06,-0.00025674,-0.01631,0.00073079,0.029402
-0.00045618,1.8553e-06,-0.00025992,-0.016418,0.00073747,0.029412
-0.00045912,1.7612e-06,-0.00026311,-0.016523,0.00074413,0.029418
-0.00046203,1.672e-06,-0.00026631,-0.016626,0.00075079,0.029419
-0.00046492,1.5872e-06,-0.00026953,-0.016725,0.00075745,0.029414
-0.00046778,1.5066e-06,-0.00027276,-0.016822,0.00076409,0.029405
-0.00047061,1.4302e-06,-0.000276,-0.016916,0.00077073,0.02939
-0.00047341,1.3576e-06,-0.00027925,-0.017007,0.00077736,0.029369
-0.00047619,1.2887e-06,-0.00028251,-0.017094,0.00078397,0.029344
-0.00047894,1.2232e-06,-0.00028578,-0.017178,0.00079059,0.029313
-0.00048167,1.161e-06,-0.00028906,-0.017259,0.00079719,0.029277
-0.00048436,1.102e-06,-0.00029235,-0.017336,0.00080378,0.029235
-0.00048704,1.0459e-06,-0.00029565,-0.01741,0.00081036,0.029188
-0.00048968,9.9271e-07,-0.00029896,-0.01748,0.00081693,0.029135
-0.0004923,9.4216e-07,-0.00030227,-0.017546,0.0008235,0.029076
-0.0004949,8.9415e-07,-0.00030559,-0.017608,0.00083005,0.029012
-0.00049746,8.4857e-07,-0.00030892,-0.017666,0.00083659,0.028941
-0.00050001,8.0529e-07,-0.00031226,-0.01772,0.00084312,0.028865
-0.00050252,7.6418e-07,-0.0003156,-0.017769,0.00084963,0.028783
-0.00050502,7.2514e-07,-0.00031894,-0.017814,0.00085614,0.028695
-0.00050748,6.8807e-07,-0.00032229,-0.017855,0.00086263,0.028601
-0.00050992,6.5287e-07,-0.00032565,-0.017891,0.00086912,0.028501
-0.00051234,6.1944e-07,-0.00032901,-0.017922,0.00087559,0.028395
-0.00051473,5.8769e-07,-0.00033237,-0.017949,0.00088204,0.028282
-0.0005171,5.5754e-07,-0.00033574,-0.01797,0.00088849,0.028163
-0.00051944,5.2891e-07,-0.00033911,-0.017987,0.00089491,0.028038
-0.00052176,5.0172e-07,-0.00034248,-0.017998,0.00090133,0.027906
-0.00052405,4.759e-07,-0.00034585,-0.018004,0.00090773,0.027767
-0.00052632,4.5138e-07,-0.00034923,-0.018004,0.00091412,0.027622
-0.00052856,4.2809e-07,-0.00035261,-0.017998,0.00092049,0.02747
-0.00053078,4.0597e-07,-0.00035598,-0.017987,0.00092685,0.027312
-0.00053297,3.8497e-07,-0.00035936,-0.01797,0.00093319,0.027146
-0.00053514,3.6502e-07,-0.00036274,-0.017947,0.00093951,0.026974
-0.00053729,3.4608e-07,-0.00036612,-0.017918,0.00094582,0.026794
-0.00053941,3.2808e-07,-0.00036949,-0.017883,0.00095212,0.026608
-0.00054151,3.1099e-07,-0.00037287,-0.017841,0.00095839,0.026414
-0.00054358,2.9477e-07,-0.00037624,-0.017792,0.00096465,0.026213
-0.00054563,2.7935e-07,-0.00037961,-0.017737,0.0009709,0.026005
-0.00054766,2.6471e-07,-0.00038298,-0.017675,0.00097712,0.025789
-0.00054966,2.5081e-07,-0.00038634,-0.017606,0.00098333,0.025566
-0.00055164,2.3761e-07,-0.0003897,-0.01753,0.00098952,0.025335
-0.0005536,2.2506e-07,-0.00039306,-0.017446,0.00099569,0.025096
-0.00055553,2.1315e-07,-0.00039641,-0.017355,0.0010018,0.02485
-0.00055744,2.0184e-07,-0.00039976,-0.017257,0.001008,0.024596
-0.00055932,1.911e-07,-0.0004031,-0.01715,0.0010141,0.024334
-0.00056119,1.8089e-07,-0.00040644,-0.017036,0.0010202,0.024064
-0.00056303,1.712e-07,-0.00040977,-0.016914,0.0010262,0.023786
-0.00056484,1.6199e-07,-0.0004131,-0.016784,0.0010323,0.023499
-0.00056663,1.5325e-07,-0.00041641,-0.016645,0.0010383,0.023205
-0.00056841,1.4494e-07,-0.00041972,-0.016497,0.0010443,0.022902
-0.00057015,1.3705e-07,-0.00042303,-0.016341,0.0010503,0.02259
-0.00057188,1.2956e-07,-0.00042632,-0.016176,0.0010563,0.02227
-0.00057358,1.2244e-07,-0.00042961,-0.016003,0.0010622,0.021941
-0.00057526,1.1568e-07,-0.00043288,-0.015819,0.0010682,0.021603
-0.00057692,1.0926e-07,-0.00043615,-0.015627,0.0010741,0.021257
-0.00057855,1.0316e-07,-0.0004394,-0.015425,0.0010799,0.020902
-0.00058017,9.7372e-08,-0.00044265,-0.015214,0.0010858,0.020537
-0.00058176,9.1871e-08,-0.00044589,-0.014992,0.0010916,0.020163
-0.00058333,8.6646e-08,-0.00044911,-0.014761,0.0010974,0.01978
-0.00058487,8.1683e-08,-0.00045232,-0.014519,0.0011032,0.019388
-0.0005864,7.697e-08,-0.00045552,-0.014267,0.001109,0.018986
-0.0005879,7.2493e-08,-0.00045871,-0.014005,0.0011147,0.018575
-0.00058938,6.8241e-08,-0.00046188,-0.013732,0.0011204,0.018154
-0.00059084,6.4203e-08,-0.00046505,-0.013448,0.0011261,0.017723
-0.00059228,6.0368e-08,-0.00046819,-0.013153,0.0011318,0.017282
-0.0005937,5.6726e-08,-0.00047133,-0.012846,0.0011374,0.016831
-0.0005951,5.3267e-08,-0.00047444,-0.012529,0.001143,0.016371
-0.00059647,4.9982e-08,-0.00047755,-0.012199,0.0011486,0.015899
-0.00059783,4.6863e-08,-0.00048063,-0.011858,0.0011542,0.015418
-0.00059916,4.3901e-08,-0.00048371,-0.011505,0.0011597,0.014926
-0.00060047,4.1088e-08,-0.00048676,-0.01114,0.0011652,0.014424
-0.00060176,3.8418e-08,-0.0004898,-0.010763,0.0011707,0.01391
-0.00060304,3.5882e-08,-0.00049282,-0.010373,0.0011761,0.013386
-0.00060429,3.3475e-08,-0.00049582,-0.0099704,0.0011816,0.012851
-0.00060552,3.119e-08,-0.00049881,-0.009555,0.001187,0.012305
-0.00060673,2.9021e-08,-0.00050177,-0.0091266,0.0011923,0.011748
-0.00059594,2.7185e-08,-0.00049404,-0.0086891,0.0011792,0.011184
-0.00058046,2.5539e-08,-0.00048208,-0.0082549,0.0011372,0.010628
-0.00055119,2.4246e-08,-0.00045769,-0.0078376,0.0010751,0.010093
-0.00052339,2.3017e-08,-0.00043453,-0.0074415,0.0010165,0.0095862
-0.000497,2.1849e-08,-0.00041255,-0.0070655,0.00096125,0.0091044
-0.00047193,2.074e-08,-0.00039167,-0.0067084,0.00090905,0.0086469
-0.00044813,1.9686e-08,-0.00037186,-0.0063694,0.00085977,0.0082125
-0.00042553,1.8685e-08,-0.00035305,-0.0060476,0.00081324,0.0077999
-0.00040407,1.7734e-08,-0.00033519,-0.005742,0.00076929,0.007408
-0.00038369,1.6832e-08,-0.00031823,-0.0054519,0.00072777,0.0070359
-0.00036434,1.5975e-08,-0.00030213,-0.0051765,0.00068856,0.0066825
-0.00034596,1.5161e-08,-0.00028685,-0.004915,0.00065151,0.0063469
-0.00032851,1.4389e-08,-0.00027234,-0.0046667,0.0006165,0.0060282
-0.00031194,1.3656e-08,-0.00025856,-0.004431,0.00058342,0.0057255
-0.00029621,1.296e-08,-0.00024549,-0.0042072,0.00055215,0.005438
-0.00028127,1.2299e-08,-0.00023307,-0.0039947,0.00052259,0.005165
-0.00026708,1.1672e-08,-0.00022128,-0.003793,0.00049466,0.0049058
-0.00025361,1.1077e-08,-0.00021009,-0.0036014,0.00046825,0.0046595
-0.00024082,1.0513e-08,-0.00019946,-0.0034196,0.00044328,0.0044257
-0.00022867,9.9769e-09,-0.00018938,-0.0032469,0.00041967,0.0042036
-0.00021713,9.4684e-09,-0.0001798,-0.003083,0.00039734,0.0039926
-0.00020618,8.9858e-09,-0.00017071,-0.0029273,0.00037622,0.0037923
-0.00019578,8.5279e-09,-0.00016207,-0.0027796,0.00035625,0.003602
-0.0001859,8.0933e-09,-0.00015388,-0.0026392,0.00033736,0.0034213
-0.00017652,7.681e-09,-0.0001461,-0.002506,0.0003195,0.0032497
-0.00016762,7.2897e-09,-0.00013871,-0.0023795,0.00030259,0.0030866
-0.00015916,6.9184e-09,-0.00013169,-0.0022594,0.0002866,0.0029318
-0.00015113,6.566e-09,-0.00012504,-0.0021454,0.00027147,0.0027847
-0.00014351,6.2317e-09,-0.00011871,-0.0020371,0.00025716,0.0026451
-0.00013627,5.9144e-09,-0.00011271,-0.0019343,0.00024361,0.0025124
-0.00012939,5.6134e-09,-0.00010701,-0.0018367,0.00023079,0.0023864
-0.00012286,5.3277e-09,-0.0001016,-0.001744,0.00021866,0.0022667
-0.00011666,5.0566e-09,-9.6466e-05,-0.001656,0.00020717,0.002153
-0.00011078,4.7993e-09,-9.1589e-05,-0.0015724,0.00019631,0.002045
-0.00010519,4.5552e-09,-8.6959e-05,-0.0014931,0.00018602,0.0019424
-9.9881e-05,4.3236e-09,-8.2563e-05,-0.0014177,0.00017628,0.001845
-9.4841e-05,4.1037e-09,-7.8389e-05,-0.0013462,0.00016706,0.0017525
-9.0055e-05,3.8951e-09,-7.4427e-05,-0.0012783,0.00015833,0.0016645
-8.5511e-05,3.6972e-09,-7.0665e-05,-0.0012138,0.00015007,0.001581
-8.1195e-05,3.5093e-09,-6.7093e-05,-0.0011525,0.00014225,0.0015017
-7.7098e-05,3.331e-09,-6.3702e-05,-0.0010944,0.00013484,0.0014264
-7.3207e-05,3.1618e-09,-6.0482e-05,-0.0010392,0.00012783,0.0013548
-6.9513e-05,3.0012e-09,-5.7425e-05,-0.00098674,0.00012118,0.0012868
-6.6004e-05,2.8489e-09,-5.4523e-05,-0.00093696,0.00011489,0.0012222
-6.2673e-05,2.7042e-09,-5.1767e-05,-0.00088968,0.00010894,0.0011608
-5.951e-05,2.567e-09,-4.9151e-05,-0.00084479,0.00010329,0.0011025
-5.6506e-05,2.4367e-09,-4.6667e-05,-0.00080216,9.795e-05,0.0010471
-5.3654e-05,2.3131e-09,-4.4309e-05,-0.00076169,9.2888e-05,0.00099454
-5.0946e-05,2.1957e-09,-4.207e-05,-0.00072325,8.8093e-05,0.00094456
-4.8375e-05,2.0844e-09,-3.9944e-05,-0.00068675,8.3551e-05,0.00089709
-4.5933e-05,1.9787e-09,-3.7926e-05,-0.0006521,7.9248e-05,0.00085198
-4.3614e-05,1.8783e-09,-3.601e-05,-0.00061919,7.5171e-05,0.00080914
-4.1413e-05,1.7831e-09,-3.419e-05,-0.00058794,7.1309e-05,0.00076843
-3.9322e-05,1.6927e-09,-3.2463e-05,-0.00055826,6.7649e-05,0.00072976
-3.7337e-05,1.6069e-09,-3.0823e-05,-0.00053008,6.4181e-05,0.00069303
-3.5452e-05,1.5255e-09,-2.9266e-05,-0.00050333,6.0895e-05,0.00065813
-3.3662e-05,1.4482e-09,-2.7787e-05,-0.00047792,5.7781e-05,0.00062498
-3.1963e-05,1.3748e-09,-2.6383e-05,-0.00045379,5.4829e-05,0.00059349
-3.0349e-05,1.3052e-09,-2.5051e-05,-0.00043088,5.2032e-05,0.00056358
-2.8817e-05,1.2391e-09,-2.3785e-05,-0.00040912,4.938e-05,0.00053516
-2.7362e-05,1.1763e-09,-2.2584e-05,-0.00038847,4.6867e-05,0.00050817
-2.598e-05,1.1168e-09,-2.1443e-05,-0.00036885,4.4484e-05,0.00048254
-2.4668e-05,1.0602e-09,-2.036e-05,-0.00035023,4.2225e-05,0.00045819
-2.3423e-05,1.0066e-09,-1.9332e-05,-0.00033254,4.0083e-05,0.00043506
-2.224e-05,9.556e-10,-1.8355e-05,-0.00031575,3.8052e-05,0.00041309
-2.1117e-05,9.0724e-10,-1.7428e-05,-0.0002998,3.6127e-05,0.00039224
-2.0051e-05,8.6132e-10,-1.6548e-05,-0.00028466,3.43e-05,0.00037243
-1.9038e-05,8.1774e-10,-1.5713e-05,-0.00027029,3.2567e-05,0.00035362
-1.8077e-05,7.7636e-10,-1.4919e-05,-0.00025664,3.0921e-05,0.00033576
-1.7164e-05,7.3708e-10,-1.4166e-05,-0.00024369,2.9359e-05,0.00031882
-1.6297e-05,6.9979e-10,-1.345e-05,-0.00023141,2.7876e-05,0.00030274
-1.5474e-05,6.6439e-10,-1.2771e-05,-0.00021979,2.6469e-05,0.0002875
-1.4693e-05,6.3079e-10,-1.2126e-05,-0.00020878,2.5133e-05,0.00027306
-1.3951e-05,5.9888e-10,-1.1514e-05,-0.00019838,2.3864e-05,0.00025938
-1.3246e-05,5.686e-10,-1.0932e-05,-0.00018855,2.266e-05,0.00024644
-1.2577e-05,5.3984e-10,-1.038e-05,-0.00017928,2.1516e-05,0.00023419
-1.1942e-05,5.1255e-10,-9.856e-06,-0.00017054,2.0431e-05,0.00022261
-1.1339e-05,4.8663e-10,-9.3583e-06,-0.0001623,1.94e-05,0.00021168
-1.0766e-05,4.6203e-10,-8.8857e-06,-0.00015455,1.8422e-05,0.00020135
-1.0223e-05,4.3867e-10,-8.437e-06,-0.00014728,1.7493e-05,0.00019161
-9.7064e-06,4.1649e-10,-8.0109e-06,-0.00014044,1.661e-05,0.00018243
-9.2162e-06,3.9544e-10,-7.6064e-06,-0.00013404,1.5773e-05,0.00017378
-8.7508e-06,3.7545e-10,-7.2222e-06,-0.00012804,1.4977e-05,0.00016565
-8.3089e-06,3.5647e-10,-6.8575e-06,-0.00012244,1.4222e-05,0.000158
-7.8893e-06,3.3846e-10,-6.5112e-06,-0.0001172,1.3505e-05,0.00015081
-7.4909e-06,3.2135e-10,-6.1824e-06,-0.00011232,1.2824e-05,0.00014407
-7.1126e-06,3.0511e-10,-5.8702e-06,-0.00010777,1.2178e-05,0.00013775
-6.7534e-06,2.8969e-10,-5.5737e-06,-0.00010355,1.1563e-05,0.00013183
-6.4123e-06,2.7505e-10,-5.2923e-06,-9.9625e-05,1.098e-05,0.00012629
-6.0885e-06,2.6115e-10,-5.025e-06,-9.599e-05,1.0427e-05,0.00012112
-5.781e-06,2.4796e-10,-4.7712e-06,-9.2626e-05,9.901e-06,0.0001163
-5.4891e-06,2.3806e-10,-5.4891e-06,-8.9519e-05,9.4017e-06,0.0001118
-5.2119e-06,2.2604e-10,-5.2119e-06,-8.6653e-05,8.9276e-06,0.00010762
-4.9487e-06,2.1462e-10,-4.9487e-06,-8.4015e-05,8.4773e-06,0.00010373
-4.6988e-06,2.0378e-10,-4.6988e-06,-8.1591e-05,8.0498e-06,0.00010013
-4.4615e-06,1.9349e-10,-4.4615e-06,-7.9368e-05,7.6437e-06,9.6788e-05
-4.2362e-06,1.8372e-10,-4.2362e-06,-7.7332e-05,7.2581e-06,9.3702e-05
-4.0223e-06,1.7444e-10,-4.0223e-06,-7.5471e-05,6.892e-06,9.0854e-05
-3.8191e-06,1.6563e-10,-3.8191e-06,-7.3773e-05,6.5443e-06,8.8231e-05
-3.6263e-06,1.5727e-10,-3.6263e-06,-7.2226e-05,6.214e-06,8.5819e-05
-3.4432e-06,1.4933e-10,-3.4432e-06,-7.082e-05,5.9005e-06,8.3607e-05
-3.2693e-06,1.4179e-10,-3.2693e-06,-6.9542e-05,5.6027e-06,8.1581e-05
-3.1042e-06,1.3463e-10,-3.1042e-06,-6.8383e-05,5.3199e-06,7.9731e-05
-2.9474e-06,1.2783e-10,-2.9474e-06,-6.7333e-05,5.0513e-06,7.8045e-05
-2.7986e-06,1.2137e-10,-2.7986e-06,-6.6382e-05,4.7963e-06,7.6512e-05
-2.6572e-06,1.1524e-10,-2.6572e-06,-6.552e-05,4.5541e-06,7.5122e-05
-2.5231e-06,1.0942e-10,-2.5231e-06,-6.4739e-05,4.3241e-06,7.3863e-05
-2.3956e-06,1.039e-10,-2.3956e-06,-6.4031e-05,4.1056e-06,7.2727e-05
-2.2747e-06,9.865e-11,-2.2747e-06,-6.3386e-05,3.8981e-06,7.1703e-05
-2.1598e-06,9.3668e-11,-2.1598e-06,-6.2798e-05,3.7011e-06,7.0783e-05
-2.0507e-06,8.8938e-11,-2.0507e-06,-6.2259e-05,3.514e-06,6.9957e-05
-1.9472e-06,8.4447e-11,-1.9472e-06,-6.1762e-05,3.3362e-06,6.9217e-05
-1.8488e-06,8.0182e-11,-1.8488e-06,-6.1301e-05,3.1674e-06,6.8554e-05
-1.7555e-06,7.6133e-11,-1.7555e-06,-6.0868e-05,3.007e-06,6.7961e-05
-1.6668e-06,7.2288e-11,-1.6668e-06,-6.0459e-05,2.8547e-06,6.7429e-05
-1.5826e-06,6.8638e-11,-1.5826e-06,-6.0067e-05,2.71e-06,6.6951e-05
-1.5027e-06,6.5171e-11,-1.5027e-06,-5.9687e-05,2.5725e-06,6.6519e-05
-1.4268e-06,6.188e-11,-1.4268e-06,-5.9315e-05,2.4419e-06,6.6128e-05
-1.3548e-06,5.8755e-11,-1.3548e-06,-5.8945e-05,2.3178e-06,6.5769e-05
-1.2864e-06,5.5788e-11,-1.2864e-06,-5.8574e-05,2.1999e-06,6.5436e-05
-1.2214e-06,5.2971e-11,-1.2214e-06,-5.8197e-05,2.0878e-06,6.5124e-05
-1.1597e-06,5.0296e-11,-1.1597e-06,-5.781e-05,1.9814e-06,6.4826e-05
-1.1011e-06,4.7756e-11,-1.1011e-06,-5.7411e-05,1.8802e-06,6.4537e-05
-1.0455e-06,4.5344e-11,-1.0455e-06,-5.6996e-05,1.784e-06,6.425e-05
-9.9274e-07,4.3054e-11,-9.9274e-07,-5.6563e-05,1.6926e-06,6.3962e-05
-9.4261e-07,4.088e-11,-9.4261e-07,-5.6108e-05,1.6058e-06,6.3667e-05
-8.9501e-07,3.8816e-11,-8.9501e-07,-5.5629e-05,1.5232e-06,6.3359e-05
-8.4981e-07,3.6855e-11,-8.4981e-07,-5.5126e-05,1.4447e-06,6.3036e-05
-8.0689e-07,3.4994e-11,-8.0689e-07,-5.4594e-05,1.3701e-06,6.2692e-05
-7.6614e-07,3.3227e-11,-7.6614e-07,-5.4035e-05,1.2992e-06,6.2324e-05
-7.2745e-07,3.1549e-11,-7.2745e-07,-5.3444e-05,1.2318e-06,6.1928e-05
-6.9072e-07,2.9956e-11,-6.9072e-07,-5.2823e-05,1.1678e-06,6.1501e-05
-6.5584e-07,2.8443e-11,-6.5584e-07,-5.217e-05,1.1069e-06,6.104e-05
-6.2272e-07,2.7007e-11,-6.2272e-07,-5.1485e-05,1.049e-06,6.0541e-05
-5.9127e-07,2.5643e-11,-5.9127e-07,-5.0766e-05,9.9395e-07,6.0003e-05
-5.6141e-07,2.4348e-11,-5.6141e-07,-5.0015e-05,9.4166e-07,5.9423e-05
-5.3306e-07,2.3119e-11,-5.3306e-07,-4.9231e-05,8.9198e-07,5.8798e-05
-5.0614e-07,2.1951e-11,-5.0614e-07,-4.8414e-05,8.4478e-07,5.8128e-05
-4.8058e-07,2.0842e-11,-4.8058e-07,-4.7564e-05,7.9995e-07,5.7411e-05
-4.5631e-07,1.979e-11,-4.5631e-07,-4.6683e-05,7.5737e-07,5.6646e-05
-4.3327e-07,1.879e-11,-4.3327e-07,-4.5772e-05,7.1695e-07,5.5832e-05
-4.1139e-07,1.7841e-11,-4.1139e-07,-4.483e-05,6.7858e-07,5.4969e-05
-3.9061e-07,1.6941e-11,-3.9061e-07,-4.3859e-05,6.4218e-07,5.4056e-05
-3.7089e-07,1.6085e-11,-3.7089e-07,-4.2862e-05,6.0764e-07,5.3094e-05
-3.5216e-07,1.5273e-11,-3.5216e-07,-4.1838e-05,5.749e-07,5.2083e-05
-3.3437e-07,1.4501e-11,-3.3437e-07,-4.079e-05,5.4387e-07,5.1025e-05
-3.1749e-07,1.3769e-11,-3.1749e-07,-3.9719e-05,5.1447e-07,4.9919e-05
-3.0145e-07,1.3073e-11,-3.0145e-07,-3.8628e-05,4.8664e-07,4.8769e-05
-2.8623e-07,1.2413e-11,-2.8623e-07,-3.7518e-05,4.603e-07,4.7576e-05
-2.7178e-07,1.1787e-11,-2.7178e-07,-3.6392e-05,4.3538e-07,4.6342e-05
-2.5805e-07,1.1191e-11,-2.5805e-07,-3.5252e-05,4.1182e-07,4.5069e-05
-2.4502e-07,1.0626e-11,-2.4502e-07,-3.4101e-05,3.8957e-07,4.3762e-05
-2.3265e-07,1.009e-11,-2.3265e-07,-3.2941e-05,3.6856e-07,4.2422e-05
-2.209e-07,9.5802e-12,-2.209e-07,-3.1774e-05,3.4872e-07,4.1055e-05
-2.0974e-07,9.0963e-12,-2.0974e-07,-3.0605e-05,3.3001e-07,3.9663e-05
-1.9915e-07,8.6372e-12,-1.9915e-07,-2.9435e-05,3.1237e-07,3.8252e-05
-1.8909e-07,8.2009e-12,-1.8909e-07,-2.8269e-05,2.9575e-07,3.6826e-05
-1.7954e-07,7.7868e-12,-1.7954e-07,-2.7108e-05,2.8009e-07,3.5391e-05
-1.7048e-07,7.3935e-12,-1.7048e-07,-2.5957e-05,2.6534e-07,3.3952e-05
-1.6187e-07,7.0202e-12,-1.6187e-07,-2.482e-05,2.5144e-07,3.2515e-05
-1.5369e-07,6.6655e-12,-1.5369e-07,-2.37e-05,2.3836e-07,3.1087e-05
-1.4593e-07,6.3287e-12,-1.4593e-07,-2.26e-05,2.2603e-07,2.9673e-05
-1.3856e-07,6.0092e-12,-1.3856e-07,-2.1525e-05,2.1441e-07,2.8282e-05
-1.3156e-07,5.7059e-12,-1.3156e-07,-2.0479e-05,2.0345e-07,2.692e-05
-1.2492e-07,5.4177e-12,-1.2492e-07,-1.9466e-05,1.931e-07,2.5595e-05
-1.1861e-07,5.1441e-12,-1.1861e-07,-1.8491e-05,1.8332e-07,2.4315e-05
-1.1262e-07,4.8841e-12,-1.1262e-07,-1.7558e-05,1.7406e-07,2.3089e-05
-1.0693e-07,4.6374e-12,-1.0693e-07,-1.6671e-05,1.6527e-07,2.1923e-05
-1.0153e-07,4.4031e-12,-1.0153e-07,-1.5829e-05,1.5692e-07,2.0816e-05
-9.6407e-08,4.1808e-12,-9.6407e-08,-1.503e-05,1.49e-07,1.9764e-05
-9.1539e-08,3.9697e-12,-9.1539e-08,-1.4271e-05,1.4147e-07,1.8766e-05
-8.6916e-08,3.7693e-12,-8.6916e-08,-1.355e-05,1.3433e-07,1.7819e-05
-8.2527e-08,3.579e-12,-8.2527e-08,-1.2866e-05,1.2754e-07,1.6919e-05
-7.8359e-08,3.3982e-12,-7.8359e-08,-1.2216e-05,1.211e-07,1.6064e-05
-7.4402e-08,3.2267e-12,-7.4402e-08,-1.1599e-05,1.1499e-07,1.5253e-05
-7.0645e-08,3.0639e-12,-7.0645e-08,-1.1014e-05,1.0918e-07,1.4483e-05
-6.7077e-08,2.909e-12,-6.7077e-08,-1.0457e-05,1.0367e-07,1.3751e-05
-6.369e-08,2.7622e-12,-6.369e-08,-9.9292e-06,9.843e-08,1.3057e-05
-6.0473e-08,2.6226e-12,-6.0473e-08,-9.4278e-06,9.3459e-08,1.2398e-05
-5.7419e-08,2.4901e-12,-5.7419e-08,-8.9517e-06,8.874e-08,1.1772e-05
-5.452e-08,2.3644e-12,-5.452e-08,-8.4997e-06,8.4258e-08,1.1177e-05
-5.1767e-08,2.2448e-12,-5.1767e-08,-8.0704e-06,8.0003e-08,1.0613e-05
-4.9152e-08,2.1317e-12,-4.9152e-08,-7.6629e-06,7.5963e-08,1.0077e-05
-4.667e-08,2.0241e-12,-4.667e-08,-7.2759e-06,7.2126e-08,9.5678e-06
-4.4313e-08,1.9217e-12,-4.4313e-08,-6.9085e-06,6.8484e-08,9.0847e-06
-4.2075e-08,1.8246e-12,-4.2075e-08,-6.5596e-06,6.5026e-08,8.6259e-06
-3.9951e-08,1.7323e-12,-3.9951e-08,-6.2283e-06,6.1742e-08,8.1903e-06
-3.7933e-08,1.645e-12,-3.7933e-08,-5.9138e-06,5.8624e-08,7.7767e-06
-3.6018e-08,1.5619e-12,-3.6018e-08,-5.6151e-06,5.5663e-08,7.384e-06
-3.4199e-08,1.483e-12,-3.4199e-08,-5.3316e-06,5.2852e-08,7.0111e-06
-3.2472e-08,1.4079e-12,-3.2472e-08,-5.0623e-06,5.0183e-08,6.657e-06
-3.0832e-08,1.3369e-12,-3.0832e-08,-4.8067e-06,4.7649e-08,6.3208e-06
-2.9275e-08,1.2694e-12,-2.9275e-08,-4.564e-06,4.5242e-08,6.0016e-06
-2.7796e-08,1.2055e-12,-2.7796e-08,-4.3335e-06,4.2958e-08,5.6985e-06
-2.6393e-08,1.1445e-12,-2.6393e-08,-4.1146e-06,4.0788e-08,5.4108e-06
-2.506e-08,1.0866e-12,-2.506e-08,-3.9068e-06,3.8728e-08,5.1375e-06
-2.3794e-08,1.0317e-12,-2.3794e-08,-3.7095e-06,3.6773e-08,4.8781e-06
-2.2593e-08,9.7974e-13,-2.2593e-08,-3.5222e-06,3.4916e-08,4.6317e-06
-2.1452e-08,9.3003e-13,-2.1452e-08,-3.3443e-06,3.3152e-08,4.3978e-06
-2.0368e-08,8.8318e-13,-2.0368e-08,-3.1755e-06,3.1478e-08,4.1757e-06
-1.934e-08,8.3857e-13,-1.934e-08,-3.0151e-06,2.9888e-08,3.9649e-06
-1.8363e-08,7.9621e-13,-1.8363e-08,-2.8628e-06,2.8379e-08,3.7646e-06
-1.7436e-08,7.5611e-13,-1.7436e-08,-2.7183e-06,2.6946e-08,3.5745e-06
-1.6555e-08,7.1782e-13,-1.6555e-08,-2.581e-06,2.5585e-08,3.394e-06
0,0,0,-2.4506e-06,2.4293e-08,3.2226e-06
0,0,0,-2.3269e-06,2.3066e-08,3.0599e-06
-1.5719e-08,6.8146e-13,-1.5719e-08,-2.2094e-06,2.1901e-08,2.9054e-06
-1.4925e-08,6.4719e-13,-1.4925e-08,-2.0978e-06,2.0795e-08,2.7586e-06
-1.4172e-08,6.1434e-13,-1.4172e-08,-1.9919e-06,1.9745e-08,2.6193e-06
-1.3456e-08,5.8334e-13,-1.3456e-08,-1.8913e-06,1.8748e-08,2.487e-06
0,0,0,-1.7958e-06,1.7801e-08,2.3614e-06
0,0,0,-1.7051e-06,1.6902e-08,2.2422e-06
0,0,0,-1.619e-06,1.6049e-08,2.129e-06
0,0,0,-1.5372e-06,1.5238e-08,2.0215e-06
-1.2777e-08,5.5396e-13,-1.2777e-08,-1.4596e-06,1.4469e-08,1.9194e-06
0,0,0,-1.3859e-06,1.3738e-08,1.8224e-06
0,0,0,-1.3159e-06,1.3044e-08,1.7304e-06
0,0,0,-1.2494e-06,1.2386e-08,1.643e-06
-1.2131e-08,5.2598e-13,-1.2131e-08,-1.1863e-06,1.176e-08,1.56e-06
0,0,0,-1.1264e-06,1.1166e-08,1.4813e-06
0,0,0,-1.0695e-06,1.0602e-08,1.4065e-06
-1.1519e-08,4.9928e-13,-1.1519e-08,-1.0155e-06,1.0067e-08,1.3354e-06
0,0,0,-9.6425e-07,9.5585e-09,1.268e-06
0,0,0,-9.1556e-07,9.0758e-09,1.204e-06
0,0,0,-8.6932e-07,8.6175e-09,1.1432e-06
0,0,0,-8.2542e-07,8.1823e-09,1.0854e-06
-1.0937e-08,4.7416e-13,-1.0937e-08,-7.8374e-07,7.7691e-09,1.0306e-06
0,0,0,-7.4416e-07,7.3767e-09,9.7857e-07
0,0,0,-7.0658e-07,7.0042e-09,9.2915e-07
0,0,0,-6.709e-07,6.6505e-09,8.8223e-07
0,0,0,-6.3702e-07,6.3146e-09,8.3768e-07
0,0,0,-6.0485e-07,5.9958e-09,7.9538e-07
0,0,0,-5.743e-07,5.693e-09,7.5521e-07
0,0,0,-5.453e-07,5.4055e-09,7.1707e-07
0,0,0,-5.1776e-07,5.1325e-09,6.8086e-07
0,0,0,-4.9161e-07,4.8733e-09,6.4648e-07
0,0,0,-4.6679e-07,4.6272e-09,6.1383e-07
0,0,0,-4.4322e-07,4.3935e-09,5.8283e-07
0,0,0,-4.2172e-07,4.1694e-09,5.5483e-07
0,0,0,-4.0823e-07,3.938e-09,5.3948e-07
0,0,0,-4.0887e-07,3.6823e-09,5.467e-07
0,0,0,-4.2908e-07,3.3874e-09,5.8523e-07
0,0,0,-4.7361e-07,3.041e-09,6.6264e-07
0,0,0,-5.4661e-07,2.6329e-09,7.8546e-07
0,0,0,-6.5169e-07,2.1553e-09,9.5916e-07
0,0,0,-7.9191e-07,1.6026e-09,1.1883e-06
0,0,0,-9.6986e-07,9.7124e-10,1.4765e-06
0,0,0,-1.1877e-06,2.5988e-10,1.8265e-06
0,0,0,-1.4471e-06,-5.3107e-10,2.2403e-06
0,0,0,-1.7494e-06,-1.3994e-09,2.7193e-06
0,0,0,-2.0956e-06,-2.3414e-09,3.2641e-06
0,0,0,-2.4863e-06,-3.3517e-09,3.8744e-06
0,0,0,-2.9219e-06,-4.424e-09,4.5499e-06
0,0,0,-3.4023e-06,-5.5505e-09,5.2893e-06
0,0,0,-3.9275e-06,-6.7229e-09,6.0911e-06
0,0,0,-4.4968e-06,-7.9318e-09,6.953e-06
0,0,0,-5.1097e-06,-9.1675e-09,7.8728e-06
0,0,0,-5.765e-06,-1.042e-08,8.8475e-06
0,0,0,-6.4619e-06,-1.1678e-08,9.8741e-06
0,0,0,-7.1989e-06,-1.2932e-08,1.0949e-05
0,0,0,-7.9745e-06,-1.4171e-08,1.2069e-05
0,0,0,-8.7872e-06,-1.5385e-08,1.323e-05
0,0,0,-9.6351e-06,-1.6564e-08,1.4427e-05
0,0,0,-1.0516e-05,-1.7699e-08,1.5658e-05
-1.0385e-08,4.5048e-13,-1.0385e-08,-1.1429e-05,-1.878e-08,1.6917e-05
-9.8602e-09,4.2764e-13,-9.8602e-09,-1.237e-05,-1.9803e-08,1.82e-05
-9.3623e-09,4.061e-13,-9.3623e-09,-1.3339e-05,-2.0757e-08,1.9503e-05
0,0,0,-1.4332e-05,-2.1634e-08,2.0821e-05
0,0,0,-1.5347e-05,-2.2427e-08,2.215e-05
0,0,0,-1.6381e-05,-2.3133e-08,2.3485e-05
0,0,0,-1.7433e-05,-2.3748e-08,2.4822e-05
0,0,0,-1.8498e-05,-2.427e-08,2.6157e-05
0,0,0,-1.9575e-05,-2.4696e-08,2.7485e-05
0,0,0,-2.0661e-05,-2.5025e-08,2.8801e-05
0,0,0,-2.1753e-05,-2.5257e-08,3.0103e-05
-8.8895e-09,3.8531e-13,-8.8895e-09,-2.2848e-05,-2.5393e-08,3.1386e-05
0,0,0,-2.3943e-05,-2.5436e-08,3.2645e-05
0,0,0,-2.5035e-05,-2.5384e-08,3.3877e-05
0,0,0,-2.6121e-05,-2.5243e-08,3.5079e-05
0,0,0,-2.7199e-05,-2.5017e-08,3.6247e-05
0,0,0,-2.8266e-05,-2.471e-08,3.7378e-05
0,0,0,-2.9318e-05,-2.4327e-08,3.8468e-05
0,0,0,-3.0353e-05,-2.3874e-08,3.9514e-05
0,0,0,-3.1368e-05,-2.3358e-08,4.0514e-05
0,0,0,-3.2359e-05,-2.2784e-08,4.1465e-05
-8.4406e-09,3.6624e-13,-8.4406e-09,-3.3325e-05,-2.216e-08,4.2364e-05
0,0,0,-3.4263e-05,-2.1494e-08,4.321e-05
0,0,0,-3.5169e-05,-2.079e-08,4.3999e-05
-8.0143e-09,3.4779e-13,-8.0143e-09,-3.6041e-05,-2.0057e-08,4.4731e-05
0,0,0,-3.6876e-05,-1.9303e-08,4.5403e-05
0,0,0,-3.7673e-05,-1.8533e-08,4.6014e-05
-7.6096e-09,3.3004e-13,-7.6096e-09,-3.8427e-05,-1.7755e-08,4.6562e-05
-7.2253e-09,3.1329e-13,-7.2253e-09,-3.9138e-05,-1.6977e-08,4.7047e-05
0,0,0,-3.9803e-05,-1.6202e-08,4.7467e-05
0,0,0,-4.0419e-05,-1.5439e-08,4.7822e-05
0,0,0,-4.0985e-05,-1.4692e-08,4.811e-05
0,0,0,-4.1498e-05,-1.3966e-08,4.8333e-05
0,0,0,-4.1957e-05,-1.3267e-08,4.8488e-05
0,0,0,-4.236e-05,-1.2597e-08,4.8577e-05
0,0,0,-4.2705e-05,-1.1962e-08,4.8599e-05
0,0,0,-4.2991e-05,-1.1363e-08,4.8555e-05
0,0,0,-4.3217e-05,-1.0802e-08,4.8445e-05
0,0,0,-4.3382e-05,-1.0282e-08,4.8269e-05
0,0,0,-4.3484e-05,-9.803e-09,4.803e-05
0,0,0,-4.3522e-05,-9.3659e-09,4.7727e-05
-6.8605e-09,2.9756e-13,-6.8605e-09,-4.3498e-05,-8.9708e-09,4.7361e-05
-6.514e-09,2.8253e-13,-6.514e-09,-4.3408e-05,-8.6157e-09,4.6935e-05
0,0,0,-4.3255e-05,-8.3e-09,4.6449e-05
0,0,0,-4.3037e-05,-8.0231e-09,4.5905e-05
0,0,0,-4.2755e-05,-7.7818e-09,4.5305e-05
0,0,0,-4.2409e-05,-7.5735e-09,4.465e-05
-6.185e-09,2.6801e-13,-6.185e-09,-4.2e-05,-7.3955e-09,4.3944e-05
-5.8727e-09,2.5436e-13,-5.8727e-09,-4.1529e-05,-7.2434e-09,4.3187e-05
0,0,0,-4.0997e-05,-7.1143e-09,4.2383e-05
0,0,0,-4.0405e-05,-7.0056e-09,4.1533e-05
0,0,0,-3.9755e-05,-6.9128e-09,4.064e-05
0,0,0,-3.9049e-05,-6.8318e-09,3.9708e-05
0,0,0,-3.8289e-05,-6.7589e-09,3.8738e-05
0,0,0,-3.7478e-05,-6.6903e-09,3.7735e-05
0,0,0,-3.6618e-05,-6.6225e-09,3.67e-05
0,0,0,-3.5713e-05,-6.5521e-09,3.5638e-05
0,0,0,-3.4765e-05,-6.4761e-09,3.4551e-05
0,0,0,-3.3778e-05,-6.3918e-09,3.3443e-05
0,0,0,-3.2756e-05,-6.2969e-09,3.2319e-05
0,0,0,-3.1704e-05,-6.1896e-09,3.118e-05
0,0,0,-3.0625e-05,-6.0684e-09,3.0032e-05
0,0,0,-2.9525e-05,-5.9326e-09,2.8879e-05
0,0,0,-2.8409e-05,-5.7818e-09,2.7724e-05
0,0,0,-2.7281e-05,-5.6164e-09,2.6571e-05
0,0,0,-2.6148e-05,-5.437e-09,2.5426e-05
0,0,0,-2.5016e-05,-5.2452e-09,2.4293e-05
0,0,0,-2.389e-05,-5.0428e-09,2.3177e-05
0,0,0,-2.2778e-05,-4.8323e-09,2.2082e-05
0,0,0,-2.1686e-05,-4.6166e-09,2.1013e-05
0,0,0,-2.0622e-05,-4.3989e-09,1.9976e-05
-5.5761e-09,2.418e-13,-5.5761e-09,-1.9591e-05,-4.1831e-09,1.8976e-05
0,0,0,-1.8603e-05,-3.9728e-09,1.8019e-05
0,0,0,-1.7664e-05,-3.7722e-09,1.7109e-05
0,0,0,-1.6773e-05,-3.2954e-09,1.6246e-05
0,0,0,-1.5932e-05,-2.3169e-09,1.5432e-05
0,0,0,-1.5145e-05,-9.2661e-10,1.467e-05
0,0,0,-1.4414e-05,7.8822e-10,1.3963e-05
0,0,0,-1.3743e-05,2.7434e-09,1.3315e-05
0,0,0,-1.3133e-05,4.8577e-09,1.2727e-05
0,0,0,-1.2588e-05,7.0535e-09,1.2202e-05
0,0,0,-1.2108e-05,9.2565e-09,1.1741e-05
0,0,0,-1.1696e-05,1.1396e-08,1.1348e-05
0,0,0,-1.1354e-05,1.3404e-08,1.1024e-05
0,0,0,-1.1084e-05,1.5219e-08,1.077e-05
0,0,0,-1.0886e-05,1.6778e-08,1.0588e-05
0,0,0,-1.0764e-05,1.8028e-08,1.0481e-05
0,0,0,-1.0716e-05,1.8913e-08,1.0448e-05
0,0,0,-1.0746e-05,1.9387e-08,1.0491e-05
0,0,0,-1.0854e-05,1.9402e-08,1.0612e-05
-5.2945e-09,2.2925e-13,-5.2945e-09,-1.1041e-05,1.8916e-08,1.0811e-05
0,0,0,-1.1308e-05,1.7891e-08,1.109e-05
-5.0272e-09,2.179e-13,-5.0272e-09,-1.1656e-05,1.629e-08,1.1449e-05
0,0,0,-1.2085e-05,1.4081e-08,1.1888e-05
0,0,0,-1.2597e-05,1.1234e-08,1.241e-05
0,0,0,-1.319e-05,7.7233e-09,1.3013e-05
0,0,0,-1.3867e-05,3.5235e-09,1.3699e-05
0,0,0,-1.4628e-05,-1.386e-09,1.4468e-05
0,0,0,-1.5472e-05,-7.0242e-09,1.532e-05
0,0,0,-1.6401e-05,-1.3407e-08,1.6257e-05
0,0,0,-1.7414e-05,-2.055e-08,1.7277e-05
0,0,0,-1.8511e-05,-2.8463e-08,1.8381e-05
0,0,0,-1.9693e-05,-3.7157e-08,1.957e-05
0,0,0,-2.096e-05,-4.6639e-08,2.0843e-05
0,0,0,-2.2311e-05,-5.6917e-08,2.22e-05
0,0,0,-2.3748e-05,-6.7994e-08,2.3642e-05
-4.7733e-09,2.0695e-13,-4.7733e-09,-2.5268e-05,-7.9873e-08,2.5168e-05
0,0,0,-2.6874e-05,-9.2555e-08,2.6778e-05
0,0,0,-2.8563e-05,-1.0604e-07,2.8473e-05
0,0,0,-3.0337e-05,-1.2033e-07,3.0251e-05
0,0,0,-3.2194e-05,-1.3542e-07,3.2113e-05
0,0,0,-3.4136e-05,-1.5131e-07,3.4058e-05
-4.5322e-09,1.9661e-13,-4.5322e-09,-3.616e-05,-1.6799e-07,3.6087e-05
0,0,0,-3.8268e-05,-1.8546e-07,3.8198e-05
0,0,0,-4.0458e-05,-2.0371e-07,4.0392e-05
0,0,0,-4.2731e-05,-2.2273e-07,4.2668e-05
0,0,0,-4.5086e-05,-2.4253e-07,4.5026e-05
0,0,0,-4.7522e-05,-2.6309e-07,4.7465e-05
0,0,0,-5.0039e-05,-2.844e-07,4.9985e-05
0,0,0,-5.2637e-05,-3.0646e-07,5.2586e-05
0,0,0,-5.5315e-05,-3.2926e-07,5.5266e-05
0,0,0,-5.8072e-05,-3.5279e-07,5.8026e-05
0,0,0,-6.0909e-05,-3.7705e-07,6.0865e-05
0,0,0,-6.3825e-05,-4.0201e-07,6.3783e-05
0,0,0,-6.6818e-05,-4.2769e-07,6.6778e-05
0,0,0,-6.9889e-05,-4.5406e-07,6.9851e-05
0,0,0,-7.3037e-05,-4.8112e-07,7.3001e-05
0,0,0,-7.6261e-05,-5.0886e-07,7.6227e-05
0,0,0,-7.9561e-05,-5.3728e-07,7.9528e-05
0,0,0,-8.2936e-05,-5.6637e-07,8.2905e-05
0,0,0,-8.6385e-05,-5.9612e-07,8.6356e-05
-4.3034e-09,1.8613e-13,-4.3034e-09,-8.9908e-05,-6.2652e-07,8.9881e-05
0,0,0,-9.3505e-05,-6.5758e-07,9.3479e-05
0,0,0,-9.7174e-05,-6.8927e-07,9.7149e-05
0,0,0,-0.00010092,-7.2161e-07,0.00010089
0,0,0,-0.00010473,-7.5458e-07,0.00010471
0,0,0,-0.00010861,-7.8819e-07,0.00010859
0,0,0,-0.00011256,-8.2242e-07,0.00011254
0,0,0,-0.00011659,-8.5727e-07,0.00011657
0,0,0,-0.00012068,-8.9276e-07,0.00012066
0,0,0,-0.00012483,-9.2886e-07,0.00012482
0,0,0,-0.00012906,-9.6559e-07,0.00012904
-4.086e-09,1.7662e-13,-4.086e-09,-0.00013335,-1.0029e-06,0.00013334
0,0,0,-0.00013771,-1.0409e-06,0.00013769
0,0,0,-0.00014213,-1.0795e-06,0.00014212
0,0,0,-0.00014662,-1.1187e-06,0.00014661
0,0,0,-0.00015117,-1.1586e-06,0.00015116
0,0,0,-0.00015578,-1.1991e-06,0.00015577
0,0,0,-0.00016046,-1.2402e-06,0.00016045
0,0,0,-0.0001652,-1.282e-06,0.00016519
-3.8797e-09,1.6798e-13,-3.8797e-09,-0.00016999,-1.3245e-06,0.00016998
0,0,0,-0.00017485,-1.3676e-06,0.00017484
0,0,0,-0.00017977,-1.4113e-06,0.00017976
0,0,0,-0.00018475,-1.4558e-06,0.00018474
0,0,0,-0.00018978,-1.5009e-06,0.00018977
0,0,0,-0.00019487,-1.5467e-06,0.00019486
-3.6838e-09,1.594e-13,-3.6838e-09,-0.00020002,-1.5933e-06,0.00020001
0,0,0,-0.00020522,-1.6405e-06,0.00020521
0,0,0,-0.00021048,-1.6885e-06,0.00021047
0,0,0,-0.00021579,-1.7372e-06,0.00021578
0,0,0,-0.00022115,-1.7867e-06,0.00022115
0,0,0,-0.00022657,-1.837e-06,0.00022656
-3.4977e-09,1.5121e-13,-3.4977e-09,-0.00023204,-1.888e-06,0.00023203
0,0,0,-0.00023756,-1.9399e-06,0.00023755
0,0,0,-0.00024313,-1.9926e-06,0.00024312
0,0,0,-0.00024875,-2.0461e-06,0.00024875
0,0,0,-0.00025442,-2.1005e-06,0.00025442
0,0,0,-0.00026014,-2.1557e-06,0.00026013
0,0,0,-0.0002659,-2.2119e-06,0.0002659
0,0,0,-0.00027172,-2.269e-06,0.00027171
0,0,0,-0.00027757,-2.327e-06,0.00027757
0,0,0,-0.00028348,-2.386e-06,0.00028347
0,0,0,-0.00028943,-2.446e-06,0.00028942
0,0,0,-0.00029542,-2.5069e-06,0.00029541
0,0,0,-0.00030145,-2.5689e-06,0.00030145
0,0,0,-0.00030753,-2.632e-06,0.00030753
0,0,0,-0.00031365,-2.6961e-06,0.00031365
0,0,0,-0.00031981,-2.7614e-06,0.00031981
0,0,0,-0.00032601,-2.8277e-06,0.00032601
0,0,0,-0.00033225,-2.8953e-06,0.00033225
0,0,0,-0.00033853,-2.964e-06,0.00033853
0,0,0,-0.00034485,-3.0339e-06,0.00034484
0,0,0,-0.0003512,-3.1051e-06,0.0003512
0,0,0,-0.00035759,-3.1775e-06,0.00035759
0,0,0,-0.00036402,-3.2512e-06,0.00036402
0,0,0,-0.00037048,-3.3263e-06,0.00037048
0,0,0,-0.00037698,-3.4027e-06,0.00037698
0,0,0,-0.00038351,-3.4805e-06,0.00038351
0,0,0,-0.00039008,-3.5597e-06,0.00039007
0,0,0,-0.00039667,-3.6403e-06,0.00039667
0,0,0,-0.0004033,-3.7224e-06,0.0004033
0,0,0,-0.00040996,-3.8061e-06,0.00040996
-3.3211e-09,1.4342e-13,-3.3211e-09,-0.00041665,-3.8912e-06,0.00041665
0,0,0,-0.00042337,-3.9779e-06,0.00042337
0,0,0,-0.00043012,-4.0663e-06,0.00043012
0,0,0,-0.0004369,-4.1562e-06,0.0004369
0,0,0,-0.0004437,-4.2479e-06,0.0004437
0,0,0,-0.00045053,-4.3412e-06,0.00045053
0,0,0,-0.00045739,-4.4362e-06,0.00045739
0,0,0,-0.00046427,-4.5331e-06,0.00046427
0,0,0,-0.00047118,-4.6317e-06,0.00047118
0,0,0,-0.00047812,-4.7321e-06,0.00047812
0,0,0,-0.00048507,-4.8344e-06,0.00048507
0,0,0,-0.00049205,-4.9386e-06,0.00049205
0,0,0,-0.00049905,-5.0448e-06,0.00049905
0,0,0,-0.00050608,-5.1529e-06,0.00050608
0,0,0,-0.00051312,-5.263e-06,0.00051312
0,0,0,-0.00052019,-5.3751e-06,0.00052019
0,0,0,-0.00052727,-5.4893e-06,0.00052727
0,0,0,-0.00053438,-5.6056e-06,0.00053438
-3.1534e-09,1.3615e-13,-3.1534e-09,-0.0005415,-5.724e-06,0.0005415
0,0,0,-0.00054864,-5.8446e-06,0.00054864
0,0,0,-0.00055579,-5.9674e-06,0.00055579
0,0,0,-0.00056297,-6.0924e-06,0.00056297
0,0,0,-0.00057016,-6.2197e-06,0.00057016
0,0,0,-0.00057736,-6.3492e-06,0.00057736
0,0,0,-0.00058458,-6.4812e-06,0.00058458
0,0,0,-0.00059181,-6.6154e-06,0.00059181
0,0,0,-0.00059906,-6.7521e-06,0.00059906
0,0,0,-0.00060631,-6.8912e-06,0.00060631
0,0,0,-0.00061358,-7.0328e-06,0.00061358
0,0,0,-0.00062087,-7.1769e-06,0.00062087
0,0,0,-0.00062816,-7.3235e-06,0.00062816
0,0,0,-0.00063546,-7.4726e-06,0.00063546
0,0,0,-0.00064277,-7.6244e-06,0.00064277
0,0,0,-0.00065009,-7.7787e-06,0.00065009
-2.9941e-09,1.2948e-13,-2.9941e-09,-0.00065742,-7.9358e-06,0.00065742
0,0,0,-0.00066476,-8.0955e-06,0.00066476
0,0,0,-0.0006721,-8.2579e-06,0.0006721
0,0,0,-0.00067945,-8.4231e-06,0.00067945
0,0,0,-0.00068681,-8.591e-06,0.00068681
-2.8429e-09,1.2286e-13,-2.8429e-09,-0.00069417,-8.7618e-06,0.00069417
0,0,0,-0.00070154,-8.9353e-06,0.00070154
0,0,0,-0.00070891,-9.1118e-06,0.00070891
0,0,0,-0.00071628,-9.2911e-06,0.00071628
0,0,0,-0.00072366,-9.4734e-06,0.00072366
0,0,0,-0.00073104,-9.6586e-06,0.00073104
0,0,0,-0.00073842,-9.8468e-06,0.00073842
0,0,0,-0.0007458,-1.0038e-05,0.0007458
0,0,0,-0.00075318,-1.0232e-05,0.00075318
0,0,0,-0.00076056,-1.0429e-05,0.00076056
0,0,0,-0.00076794,-1.063e-05,0.00076794
0,0,0,-0.00077533,-1.0833e-05,0.00077533
0,0,0,-0.0007827,-1.104e-05,0.0007827
0,0,0,-0.00079008,-1.125e-05,0.00079008
0,0,0,-0.00079745,-1.1463e-05,0.00079745
0,0,0,-0.00080482,-1.1679e-05,0.00080482
0,0,0,-0.00081219,-1.1898e-05,0.00081219
0,0,0,-0.00081955,-1.2121e-05,0.00081955
0,0,0,-0.00082691,-1.2347e-05,0.00082691
-2.6994e-09,1.1667e-13,-2.6994e-09,-0.00083426,-1.2576e-05,0.00083426
0,0,0,-0.00084161,-1.2808e-05,0.00084161
0,0,0,-0.00084894,-1.3044e-05,0.00084894
-2.563e-09,1.1076e-13,-2.563e-09,-0.00085628,-1.3283e-05,0.00085628
0,0,0,-0.0008636,-1.3526e-05,0.0008636
0,0,0,-0.00087091,-1.3771e-05,0.00087091
0,0,0,-0.00087822,-1.4021e-05,0.00087822
0,0,0,-0.00088552,-1.4273e-05,0.00088552
0,0,0,-0.0008928,-1.453e-05,0.0008928
0,0,0,-0.00090008,-1.4789e-05,0.00090008
0,0,0,-0.00090735,-1.5052e-05,0.00090734
0,0,0,-0.0009146,-1.5319e-05,0.0009146
0,0,0,-0.00092184,-1.5589e-05,0.00092184
0,0,0,-0.00092907,-1.5862e-05,0.00092907
0,0,0,-0.00093629,-1.6139e-05,0.00093629
0,0,0,-0.00094349,-1.642e-05,0.00094349
0,0,0,-0.00095068,-1.6704e-05,0.00095068
0,0,0,-0.00095785,-1.6992e-05,0.00095785
0,0,0,-0.00096501,-1.7283e-05,0.00096501
0,0,0,-0.00097215,-1.7578e-05,0.00097215
0,0,0,-0.00097928,-1.7876e-05,0.00097928
0,0,0,-0.00098639,-1.8178e-05,0.00098639
0,0,0,-0.00099349,-1.8484e-05,0.00099349
0,0,0,-0.0010006,-1.8793e-05,0.0010006
0,0,0,-0.0010076,-1.9105e-05,0.0010076
-2.4336e-09,1.046e-13,-2.4336e-09,-0.0010147,-1.9422e-05,0.0010147
-2.3107e-09,9.9217e-14,-2.3107e-09,-0.0010217,-1.9742e-05,0.0010217
0,0,0,-0.0010287,-2.0065e-05,0.0010287
0,0,0,-0.0010357,-2.0392e-05,0.0010357
0,0,0,-0.0010426,-2.0723e-05,0.0010426
0,0,0,-0.0010496,-2.1057e-05,0.0010496
0,0,0,-0.0010565,-2.1395e-05,0.0010565
0,0,0,-0.0010634,-2.1737e-05,0.0010634
0,0,0,-0.0010703,-2.2082e-05,0.0010703
0,0,0,-0.0010771,-2.2431e-05,0.0010771
0,0,0,-0.0010839,-2.2783e-05,0.0010839
0,0,0,-0.0010907,-2.3139e-05,0.0010907
-2.194e-09,9.4416e-14,-2.194e-09,-0.0010975,-2.3499e-05,0.0010975
0,0,0,-0.0011043,-2.3862e-05,0.0011043
0,0,0,-0.001111,-2.4229e-05,0.001111
0,0,0,-0.0011177,-2.4599e-05,0.0011177
0,0,0,-0.0011244,-2.4973e-05,0.0011244
0,0,0,-0.001131,-2.5351e-05,0.001131
0,0,0,-0.0011377,-2.5732e-05,0.0011377
-2.0832e-09,8.9976e-14,-2.0832e-09,-0.0011443,-2.6116e-05,0.0011443
0,0,0,-0.0011508,-2.6504e-05,0.0011508
0,0,0,-0.0011574,-2.6896e-05,0.0011574
0,0,0,-0.0011639,-2.7291e-05,0.0011639
0,0,0,-0.0011704,-2.7689e-05,0.0011704
0,0,0,-0.0011768,-2.8091e-05,0.0011768
0,0,0,-0.0011833,-2.8497e-05,0.0011833
0,0,0,-0.0011897,-2.8906e-05,0.0011897
0,0,0,-0.001196,-2.9318e-05,0.001196
0,0,0,-0.0012024,-2.9733e-05,0.0012024
0,0,0,-0.0012087,-3.0152e-05,0.0012087
0,0,0,-0.0012149,-3.0575e-05,0.0012149
0,0,0,-0.0012212,-3.1001e-05,0.0012212
-1.978e-09,8.5184e-14,-1.978e-09,-0.0012274,-3.143e-05,0.0012274
0,0,0,-0.0012335,-3.1862e-05,0.0012335
0,0,0,-0.0012397,-3.2298e-05,0.0012397
0,0,0,-0.0012458,-3.2736e-05,0.0012458
-1.8781e-09,8.0957e-14,-1.8781e-09,-0.0012519,-3.3178e-05,0.0012519
0,0,0,-0.0012579,-3.3624e-05,0.0012579
0,0,0,-0.0012639,-3.4072e-05,0.0012639
0,0,0,-0.0012699,-3.4524e-05,0.0012699
0,0,0,-0.0012758,-3.4978e-05,0.0012758
0,0,0,-0.0012817,-3.5436e-05,0.0012817
0,0,0,-0.0012876,-3.5897e-05,0.0012876
0,0,0,-0.0012934,-3.6361e-05,0.0012934
0,0,0,-0.0012992,-3.6827e-05,0.0012992
0,0,0,-0.0013049,-3.7297e-05,0.0013049
0,0,0,-0.0013106,-3.777e-05,0.0013106
0,0,0,-0.0013163,-3.8245e-05,0.0013163
-1.7833e-09,7.6891e-14,-1.7833e-09,-0.0013219,-3.8724e-05,0.0013219
0,0,0,-0.0013275,-3.9205e-05,0.0013275
0,0,0,-0.0013331,-3.9689e-05,0.0013331
0,0,0,-0.0013386,-4.0176e-05,0.0013386
0,0,0,-0.0013441,-4.0665e-05,0.0013441
0,0,0,-0.0013495,-4.1157e-05,0.0013495
0,0,0,-0.0013549,-4.1652e-05,0.0013549
0,0,0,-0.0013602,-4.2149e-05,0.0013602
0,0,0,-0.0013655,-4.2649e-05,0.0013655
0,0,0,-0.0013708,-4.3152e-05,0.0013708
0,0,0,-0.001376,-4.3657e-05,0.001376
-1.6932e-09,7.2651e-14,-1.6932e-09,-0.0013812,-4.4164e-05,0.0013812
0,0,0,-0.0013864,-4.4673e-05,0.0013864
0,0,0,-0.0013915,-4.5185e-05,0.0013915
0,0,0,-0.0013965,-4.57e-05,0.0013965
0,0,0,-0.0014015,-4.6216e-05,0.0014015
0,0,0,-0.0014065,-4.6735e-05,0.0014065
-1.6077e-09,6.9082e-14,-1.6077e-09,-0.0014114,-4.7256e-05,0.0014114
-1.5265e-09,6.5595e-14,-1.5265e-09,-0.0014163,-4.7778e-05,0.0014163
0,0,0,-0.0014211,-4.8303e-05,0.0014211
0,0,0,-0.0014259,-4.883e-05,0.0014259
0,0,0,-0.0014307,-4.9359e-05,0.0014307
-1.4494e-09,6.2324e-14,-1.4494e-09,-0.0014354,-4.989e-05,0.0014354
0,0,0,-0.00144,-5.0423e-05,0.00144
0,0,0,-0.0014446,-5.0957e-05,0.0014446
0,0,0,-0.0014492,-5.1493e-05,0.0014492
0,0,0,-0.0014537,-5.2031e-05,0.0014537
0,0,0,-0.0014581,-5.257e-05,0.0014581
0,0,0,-0.0014626,-5.3112e-05,0.0014626
0,0,0,-0.0014669,-5.3654e-05,0.0014669
0,0,0,-0.0014713,-5.4198e-05,0.0014713
0,0,0,-0.0014755,-5.4744e-05,0.0014755
3.5363e-07,5.9007e-14,3.5363e-07,-0.0014796,-5.5835e-05,0.0014796
2.8381e-06,5.6148e-14,2.8381e-06,-0.001483,-6.0197e-05,0.001483
7.4044e-06,5.3207e-14,7.4044e-06,-0.0014857,-6.7764e-05,0.0014857
1.4006e-05,5.0529e-14,1.4006e-05,-0.0014877,-7.8471e-05,0.0014877
2.2596e-05,4.813e-14,2.2596e-05,-0.001489,-9.2252e-05,0.001489
3.3129e-05,4.5716e-14,3.3129e-05,-0.0014897,-0.00010904,0.0014897
4.5561e-05,4.3498e-14,4.5561e-05,-0.0014898,-0.00012878,0.0014898
5.9845e-05,4.1183e-14,5.9845e-05,-0.0014893,-0.0001514,0.0014893
7.5939e-05,3.8824e-14,7.5939e-05,-0.0014883,-0.00017684,0.0014883
9.3798e-05,3.6898e-14,9.3798e-05,-0.0014867,-0.00020504,0.0014867
0.00011338,3.5064e-14,0.00011338,-0.0014846,-0.00023594,0.0014846
0.00013464,3.3179e-14,0.00013464,-0.001482,-0.00026946,0.001482
0.00015754,3.1701e-14,0.00015754,-0.001479,-0.00030557,0.001479
0.00018204,2.9848e-14,0.00018204,-0.0014755,-0.00034418,0.0014755
0.00020809,2.8517e-14,0.00020809,-0.0014715,-0.00038525,0.0014715
0.00023566,2.684e-14,0.00023566,-0.0014672,-0.00042871,0.0014672
0.0002647,2.5677e-14,0.0002647,-0.0014625,-0.0004745,0.0014625
0.00029517,2.4279e-14,0.00029517,-0.0014573,-0.00052257,0.0014573
0.00032704,2.3043e-14,0.00032704,-0.0014519,-0.00057286,0.0014519
0.00036027,2.1756e-14,0.00036027,-0.0014461,-0.00062531,0.0014461
0.00039482,2.0551e-14,0.00039482,-0.0014399,-0.00067986,0.0014399
0.00043065,1.9715e-14,0.00043065,-0.0014335,-0.00073646,0.0014335
0.00046773,1.8625e-14,0.00046773,-0.0014268,-0.00079505,0.0014268
0.00050601,1.755e-14,0.00050601,-0.0014197,-0.00085558,0.0014197
0.00054546,1.6676e-14,0.00054546,-0.0014125,-0.00091799,0.0014125
0.00058605,1.5985e-14,0.00058605,-0.001405,-0.00098222,0.001405
0.00062773,1.5144e-14,0.00062773,-0.0013972,-0.0010482,0.0013972
0.00067048,1.4412e-14,0.00067048,-0.0013893,-0.001116,0.0013893
0.00071426,1.3814e-14,0.00071426,-0.0013811,-0.0011854,0.0013811
0.00075903,1.2943e-14,0.00075903,-0.0013728,-0.0012564,0.0013728
0.00080477,1.2285e-14,0.00080477,-0.0013642,-0.0013289,0.0013642
0.00085143,1.1509e-14,0.00085143,-0.0013555,-0.001403,0.0013555
0.00089899,1.0888e-14,0.00089899,-0.0013467,-0.0014786,0.0013467
0.00094741,1.0405e-14,0.00094741,-0.0013377,-0.0015555,0.0013377
0.00099666,9.7299e-15,0.00099666,-0.0013286,-0.0016339,0.0013286
0.0010467,9.0839e-15,0.0010467,-0.0013194,-0.0017135,0.0013194
0.0010975,8.7388e-15,0.0010975,-0.0013101,-0.0017944,0.0013101
0.0011491,8.1941e-15,0.0011491,-0.0013007,-0.0018765,0.0013007
0.0012013,7.6986e-15,0.0012013,-0.0012912,-0.0019598,0.0012912
0.0012542,7.3389e-15,0.0012542,-0.0012816,-0.0020441,0.0012816
0.0013078,7.2997e-15,0.0013078,-0.0012719,-0.0021296,0.0012719
0.001362,6.9244e-15,0.001362,-0.0012623,-0.0022161,0.0012623
0.0014167,6.6601e-15,0.0014167,-0.0012525,-0.0023036,0.0012525
0.0014721,6.2469e-15,0.0014721,-0.0012428,-0.002392,0.0012428
0.0015279,6.0338e-15,0.0015279,-0.001233,-0.0024813,0.001233
0.0015842,5.7407e-15,0.0015842,-0.0012232,-0.0025714,0.0012232
0.0016411,5.3049e-15,0.0016411,-0.0012134,-0.0026623,0.0012134
0.0016983,5.2368e-15,0.0016983,-0.0012036,-0.002754,0.0012036
0.001756,4.7667e-15,0.001756,-0.0011938,-0.0028464,0.0011938
0.001814,4.4578e-15,0.001814,-0.001184,-0.0029395,0.001184
0.0018724,4.1746e-15,0.0018724,-0.0011742,-0.0030332,0.0011742
0.0019312,3.9379e-15,0.0019312,-0.0011645,-0.0031275,0.0011645
0.0019902,3.843e-15,0.0019902,-0.0011548,-0.0032223,0.0011548
0.0020496,3.7741e-15,0.0020496,-0.0011452,-0.0033176,0.0011452
0.0021092,3.5277e-15,0.0021092,-0.0011356,-0.0034134,0.0011356
0.002169,3.4618e-15,0.002169,-0.0011261,-0.0035096,0.0011261
0.002229,3.5012e-15,0.002229,-0.0011166,-0.0036062,0.0011166
0.0022892,3.41e-15,0.0022892,-0.0011073,-0.0037031,0.0011073
0.0023496,3.1073e-15,0.0023496,-0.001098,-0.0038004,0.001098
0.0024101,2.9811e-15,0.0024101,-0.0010888,-0.0038979,0.0010888
0.0024707,2.888e-15,0.0024707,-0.0010796,-0.0039956,0.0010796
0.0025314,2.7993e-15,0.0025314,-0.0010706,-0.0040935,0.0010706
0.0025921,2.5882e-15,0.0025921,-0.0010617,-0.0041915,0.0010617
0.0026529,2.6405e-15,0.0026529,-0.0010529,-0.0042897,0.0010529
0.0027137,2.4176e-15,0.0027137,-0.0010442,-0.0043879,0.0010442
0.0027745,2.1691e-15,0.0027745,-0.0010356,-0.0044862,0.0010356
0.0028352,2.0688e-15,0.0028352,-0.0010272,-0.0045844,0.0010272
0.002896,2.1857e-15,0.002896,-0.0010188,-0.0046827,0.0010188
0.0029566,2.1041e-15,0.0029566,-0.0010106,-0.0047808,0.0010106
0.0030171,1.9843e-15,0.0030171,-0.0010026,-0.0048789,0.0010026
0.0030775,1.8651e-15,0.0030775,-0.00099463,-0.0049768,0.00099463
0.0031378,1.7299e-15,0.0031378,-0.00098685,-0.0050745,0.00098685
0.0031979,1.8708e-15,0.0031979,-0.00097922,-0.005172,0.00097922
0.0032579,1.8062e-15,0.0032579,-0.00097174,-0.0052693,0.00097174
0.0033176,1.6689e-15,0.0033176,-0.00096441,-0.0053663,0.00096441
0.0033771,1.4146e-15,0.0033771,-0.00095724,-0.005463,0.00095724
0.0034364,1.2665e-15,0.0034364,-0.00095023,-0.0055593,0.00095023
0.0034954,1.2724e-15,0.0034954,-0.00094339,-0.0056553,0.00094339
0.0035542,1.2434e-15,0.0035542,-0.00093671,-0.0057508,0.00093671
0.0036126,1.2422e-15,0.0036126,-0.0009302,-0.0058459,0.0009302
0.0036707,1.1484e-15,0.0036707,-0.00092386,-0.0059406,0.00092386
0.0037285,1.1603e-15,0.0037285,-0.0009177,-0.0060347,0.0009177
0.0037859,1.0952e-15,0.0037859,-0.00091172,-0.0061283,0.00091172
0.003843,1.1188e-15,0.003843,-0.00090591,-0.0062213,0.00090591
0.0038996,8.7431e-16,0.0038996,-0.00090028,-0.0063138,0.00090028
0.0039559,8.7277e-16,0.0039559,-0.00089484,-0.0064056,0.00089484
0.0040117,9.265e-16,0.0040117,-0.00088958,-0.0064967,0.00088958
0.004067,7.9521e-16,0.004067,-0.00088451,-0.0065872,0.00088451
0.0041219,5.8453e-16,0.0041219,-0.00087962,-0.006677,0.00087962
0.0041764,6.0235e-16,0.0041764,-0.00087492,-0.006766,0.00087492
0.0042303,3.0002e-16,0.0042303,-0.00087042,-0.0068542,0.00087042
0.0042837,3.6373e-16,0.0042837,-0.0008661,-0.0069416,0.0008661
0.0043365,1.5961e-16,0.0043365,-0.00086198,-0.0070282,0.00086198
0.0043889,2.8322e-16,0.0043889,-0.00085805,-0.007114,0.00085805
0.0044406,1.3175e-16,0.0044406,-0.00085431,-0.0071988,0.00085431
0.0044918,2.1625e-16,0.0044918,-0.00085077,-0.0072828,0.00085077
0.0045424,1.6758e-16,0.0045424,-0.00084742,-0.0073658,0.00084742
0.0045923,1.127e-16,0.0045923,-0.00084427,-0.0074478,0.00084427
0.0046416,2.3565e-18,0.0046416,-0.00084132,-0.0075289,0.00084132
0.0046903,4.3361e-17,0.0046903,-0.00083856,-0.0076089,0.00083856
0.0047384,-1.1095e-16,0.0047384,-0.00083599,-0.0076879,0.00083599
0.0047857,-4.8268e-17,0.0047857,-0.00083362,-0.0077658,0.00083362
0.0048324,-9.087e-17,0.0048324,-0.00083145,-0.0078426,0.00083145
0.0048783,-2.4748e-16,0.0048783,-0.00082947,-0.0079183,0.00082947
0.0049235,-1.6671e-16,0.0049235,-0.00082768,-0.0079929,0.00082768
0.004968,-1.5247e-16,0.004968,-0.00082609,-0.0080663,0.00082609
0.0050118,-2.9175e-16,0.0050118,-0.00082469,-0.0081384,0.00082469
0.0050548,-1.4983e-16,0.0050548,-0.00082349,-0.0082094,0.00082349
0.005097,-2.9015e-16,0.005097,-0.00082248,-0.0082792,0.00082248
0.0051384,-5.5523e-18,0.0051384,-0.00082165,-0.0083476,0.00082165
0.005179,-2.3051e-16,0.005179,-0.00082102,-0.0084148,0.00082102
0.0052188,-4.617e-16,0.0052188,-0.00082058,-0.0084807,0.00082058
0.0052578,-3.4792e-16,0.0052578,-0.00082032,-0.0085452,0.00082032
0.0052959,-2.8124e-16,0.0052959,-0.00082025,-0.0086084,0.00082025
0.0053332,-3.4928e-16,0.0053332,-0.00082036,-0.0086702,0.00082036
0.0053696,-4.1715e-16,0.0053696,-0.00082065,-0.0087306,0.00082065
0.0054051,-3.0839e-16,0.0054051,-0.00082113,-0.0087896,0.00082113
0.0054397,-5.8611e-16,0.0054397,-0.00082179,-0.0088471,0.00082179
0.0054734,-5.3293e-16,0.0054734,-0.00082262,-0.0089032,0.00082262
0.0055062,-4.6213e-16,0.0055062,-0.00082363,-0.0089578,0.00082363
0.0055381,-7.686e-16,0.0055381,-0.00082481,-0.0090109,0.00082481
0.005569,-4.4871e-16,0.005569,-0.00082616,-0.0090625,0.00082616
0.005599,-5.7719e-16,0.005599,-0.00082768,-0.0091125,0.00082768
0.005628,-3.5291e-16,0.005628,-0.00082937,-0.0091609,0.00082937
0.005656,-4.3991e-16,0.005656,-0.00083123,-0.0092078,0.00083123
0.005683,-4.0357e-16,0.005683,-0.00083324,-0.009253,0.00083324
0.0057091,-4.4581e-16,0.0057091,-0.00083541,-0.0092967,0.00083541
0.0057341,-3.3828e-16,0.0057341,-0.00083774,-0.0093387,0.00083774
0.0057581,-3.1213e-16,0.0057581,-0.00084022,-0.009379,0.00084022
0.005781,-4.2615e-16,0.005781,-0.00084286,-0.0094177,0.00084286
0.005803,-5.6521e-16,0.005803,-0.00084564,-0.0094546,0.00084564
0.0058238,-6.3998e-16,0.0058238,-0.00084856,-0.0094899,0.00084856
0.0058436,-7.4051e-16,0.0058436,-0.00085163,-0.0095234,0.00085163
0.0058623,-4.8262e-16,0.0058623,-0.00085484,-0.0095551,0.00085484
0.00588,-5.7489e-16,0.00588,-0.00085818,-0.0095851,0.00085818
0.0058965,-7.2758e-16,0.0058965,-0.00086165,-0.0096133,0.00086165
0.005912,-6.1295e-16,0.005912,-0.00086525,-0.0096397,0.00086525
0.0059263,-5.9048e-16,0.0059263,-0.00086897,-0.0096643,0.00086897
0.0059395,-6.0513e-16,0.0059395,-0.00087282,-0.009687,0.00087282
0.0059516,-5.5804e-16,0.0059516,-0.00087678,-0.0097079,0.00087678
0.0059625,-6.6633e-16,0.0059625,-0.00088086,-0.009727,0.00088086
0.0059723,-4.2116e-16,0.0059723,-0.00088505,-0.0097441,0.00088505
0.0059809,-5.5266e-16,0.0059809,-0.00088934,-0.0097594,0.00088934
0.0059883,-3.8979e-16,0.0059883,-0.00089374,-0.0097727,0.00089374
0.0059946,-4.9229e-16,0.0059946,-0.00089824,-0.0097841,0.00089824
0.0059997,-4.1605e-16,0.0059997,-0.00090283,-0.0097936,0.00090283
0.0060036,-1.6682e-16,0.0060036,-0.00090751,-0.0098011,0.00090751
0.0060063,-2.5965e-16,0.0060063,-0.00091227,-0.0098067,0.00091227
0.0060077,-2.6189e-16,0.0060077,-0.00091712,-0.0098103,0.00091712
0.006008,-8.4381e-17,0.006008,-0.00092204,-0.0098118,0.00092204
0.006007,-2.2531e-16,0.006007,-0.00092704,-0.0098114,0.00092704
0.0060048,-9.4623e-17,0.0060048,-0.00093211,-0.009809,0.00093211
0.0060014,-2.1053e-16,0.0060014,-0.00093724,-0.0098045,0.00093724
0.0059967,6.815e-17,0.0059967,-0.00094243,-0.0097979,0.00094243
0.0059908,2.1196e-17,0.0059908,-0.00094768,-0.0097893,0.00094768
0.0059835,7.2592e-18,0.0059835,-0.00095298,-0.0097787,0.00095298
0.0059751,6.6361e-17,0.0059751,-0.00095832,-0.0097659,0.00095832
0.0059653,-2.2377e-17,0.0059653,-0.0009637,-0.0097511,0.0009637
0.0059543,1.1582e-16,0.0059543,-0.00096912,-0.0097341,0.00096912
0.0059419,-2.4124e-17,0.0059419,-0.00097458,-0.009715,0.00097458
0.0059283,2.4988e-16,0.0059283,-0.00098006,-0.0096938,0.00098006
0.0059133,2.9217e-16,0.0059133,-0.00098556,-0.0096705,0.00098556
0.0058971,3.1229e-16,0.0058971,-0.00099108,-0.009645,0.00099108
0.0058795,2.4812e-16,0.0058795,-0.00099661,-0.0096173,0.00099661
0.0058606,1.6401e-16,0.0058606,-0.0010021,-0.0095875,0.0010021
0.0058404,1.1506e-16,0.0058404,-0.0010077,-0.0095555,0.0010077
0.0058189,7.3374e-17,0.0058189,-0.0010132,-0.0095213,0.0010132
0.005796,5.1236e-17,0.005796,-0.0010188,-0.0094849,0.0010188
0.0057717,2.727e-17,0.0057717,-0.0010243,-0.0094463,0.0010243
0.0057461,5.6242e-17,0.0057461,-0.0010298,-0.0094055,0.0010298
0.0057192,-6.612e-18,0.0057192,-0.0010352,-0.0093624,0.0010352
0.0056909,-3.5793e-17,0.0056909,-0.0010407,-0.0093171,0.0010407
0.0056612,1.6088e-16,0.0056612,-0.0010461,-0.0092696,0.0010461
0.0056302,3.0069e-16,0.0056302,-0.0010515,-0.0092199,0.0010515
0.0055977,1.3531e-16,0.0055977,-0.0010568,-0.0091678,0.0010568
0.0055639,1.0061e-17,0.0055639,-0.0010621,-0.0091135,0.0010621
0.0055287,1.3244e-17,0.0055287,-0.0010673,-0.009057,0.0010673
0.0054922,8.8395e-17,0.0054922,-0.0010725,-0.0089981,0.0010725
0.0054542,3.224e-17,0.0054542,-0.0010775,-0.008937,0.0010775
0.0054148,-4.1199e-17,0.0054148,-0.0010826,-0.0088735,0.0010826
0.005374,-8.3788e-17,0.005374,-0.0010875,-0.0088078,0.0010875
0.0053318,-3.8333e-17,0.0053318,-0.0010924,-0.0087398,0.0010924
0.0052882,-1.0134e-16,0.0052882,-0.0010972,-0.0086694,0.0010972
0.0052432,6.3197e-17,0.0052432,-0.0011018,-0.0085968,0.0011018
0.0051968,-4.8524e-17,0.0051968,-0.0011064,-0.0085218,0.0011064
0.0051489,9.5425e-17,0.0051489,-0.0011109,-0.0084445,0.0011109
0.0050996,-6.356e-17,0.0050996,-0.0011153,-0.0083648,0.0011153
0.0050489,-7.4634e-17,0.0050489,-0.0011195,-0.0082828,0.0011195
0.0049968,-1.3764e-16,0.0049968,-0.0011237,-0.0081985,0.0011237
0.0049432,-2.8085e-17,0.0049432,-0.0011277,-0.0081118,0.0011277
0.0048882,-1.7276e-17,0.0048882,-0.0011316,-0.0080228,0.0011316
0.0048317,1.1716e-16,0.0048317,-0.0011353,-0.0079314,0.0011353
0.0047738,-1.6961e-16,0.0047738,-0.0011389,-0.0078376,0.0011389
0.0047144,3.9852e-17,0.0047144,-0.0011424,-0.0077415,0.0011424
0.0046536,-1.8215e-16,0.0046536,-0.0011457,-0.007643,0.0011457
0.0045914,-1.352e-16,0.0045914,-0.0011488,-0.0075422,0.0011488
0.0045276,3.5486e-17,0.0045276,-0.0011518,-0.0074389,0.0011518
0.0044625,-1.1551e-16,0.0044625,-0.0011546,-0.0073333,0.0011546
0.0043958,6.7924e-17,0.0043958,-0.0011572,-0.0072253,0.0011572
0.0043277,-1.6659e-16,0.0043277,-0.0011597,-0.007115,0.0011597
0.0042582,-2.1089e-16,0.0042582,-0.001162,-0.0070022,0.001162
0.0041872,-3.8175e-16,0.0041872,-0.0011641,-0.0068871,0.0011641
0.0041147,-1.142e-16,0.0041147,-0.0011659,-0.0067696,0.0011659
0.0040407,-2.1142e-16,0.0040407,-0.0011676,-0.0066496,0.0011676
0.0039653,-3.6234e-16,0.0039653,-0.0011691,-0.0065273,0.0011691
0.0038883,-1.6428e-16,0.0038883,-0.0011704,-0.0064026,0.0011704
0.00381,-1.7735e-16,0.00381,-0.0011714,-0.0062755,0.0011714
0.0037301,8.785e-17,0.0037301,-0.0011722,-0.006146,0.0011722
0.0036488,-1.7506e-16,0.0036488,-0.0011728,-0.0060141,0.0011728
0.003566,-2.2417e-16,0.003566,-0.0011732,-0.0058798,0.0011732
0.0034817,-7.4491e-17,0.0034817,-0.0011733,-0.0057432,0.0011733
0.0033959,-2.7492e-16,0.0033959,-0.0011732,-0.0056041,0.0011732
0.0033086,-2.5497e-16,0.0033086,-0.0011729,-0.0054626,0.0011729
0.0032199,-3.1306e-16,0.0032199,-0.0011723,-0.0053187,0.0011723
0.0031297,-3.6829e-16,0.0031297,-0.0011714,-0.0051724,0.0011714
0.003038,-3.2633e-16,0.003038,-0.0011703,-0.0050237,0.0011703
0.0029448,-2.1476e-16,0.0029448,-0.0011689,-0.0048726,0.0011689
0.0028501,-5.9078e-17,0.0028501,-0.0011672,-0.0047192,0.0011672
0.002754,-1.6579e-16,0.002754,-0.0011653,-0.0045633,0.0011653
0.0026563,3.0815e-17,0.0026563,-0.0011631,-0.004405,0.0011631
0.0025572,-2.1121e-17,0.0025572,-0.0011606,-0.0042443,0.0011606
0.0024566,-5.6497e-17,0.0024566,-0.0011578,-0.0040813,0.0011578
0.0023545,-1.4465e-16,0.0023545,-0.0011547,-0.0039158,0.0011547
0.0022509,-5.0577e-17,0.0022509,-0.0011513,-0.0037479,0.0011513
0.0021458,-3.1894e-16,0.0021458,-0.0011476,-0.0035777,0.0011476
0.0020393,-5.2117e-16,0.0020393,-0.0011436,-0.0034051,0.0011436
0.0019363,-4.0089e-16,0.0019363,-0.0011391,-0.0032382,0.0011391
0.0018385,-1.5079e-16,0.0018385,-0.0011342,-0.0030796,0.0011342
0.0017457,-4.3326e-16,0.0017457,-0.0011287,-0.002929,0.0011287
0.0016575,-2.5046e-16,0.0016575,-0.0011229,-0.0027859,0.0011229
0.0015738,-2.1234e-16,0.0015738,-0.0011167,-0.0026499,0.0011167
0.0014943,-2.1364e-16,0.0014943,-0.0011102,-0.0025207,0.0011102
0.0014189,-1.4979e-16,0.0014189,-0.0011034,-0.002398,0.0011034
0.0013472,-1.9271e-16,0.0013472,-0.0010963,-0.0022815,0.0010963
0.0012792,-3.2204e-16,0.0012792,-0.0010889,-0.0021707,0.0010889
0.0012146,4.4512e-17,0.0012146,-0.0010814,-0.0020655,0.0010814
0.0011532,-8.0301e-18,0.0011532,-0.0010736,-0.0019656,0.0010736
0.001095,-2.5559e-16,0.001095,-0.0010657,-0.0018706,0.0010657
0.0010397,-4.3021e-16,0.0010397,-0.0010576,-0.0017804,0.0010576
0.0009872,-3.724e-16,0.0009872,-0.0010494,-0.0016947,0.0010494
0.00093734,-1.5405e-16,0.00093734,-0.0010411,-0.0016133,0.0010411
0.00089001,-3.0355e-16,0.00089001,-0.0010326,-0.0015359,0.0010326
0.00084506,-4.5177e-16,0.00084506,-0.0010241,-0.0014624,0.0010241
0.00080239,-3.7717e-16,0.00080239,-0.0010155,-0.0013925,0.0010155
0.00076187,-4.3568e-16,0.00076187,-0.0010068,-0.0013262,0.0010068
0.00072339,-4.1908e-16,0.00072339,-0.00099812,-0.0012631,0.00099812
0.00068686,-5.0196e-16,0.00068686,-0.00098936,-0.0012032,0.00098936
0.00065217,-6.2301e-16,0.00065217,-0.00098057,-0.0011463,0.00098057
0.00061924,-4.5836e-16,0.00061924,-0.00097175,-0.0010922,0.00097175
0.00058797,-4.4982e-16,0.00058797,-0.00096292,-0.0010408,0.00096292
0.00055828,-3.1331e-16,0.00055828,-0.00095407,-0.000992,0.00095407
0.00053008,-3.3003e-16,0.00053008,-0.00094522,-0.00094559,0.00094522
0.00050331,-3.5999e-16,0.00050331,-0.00093638,-0.00090149,0.00093638
0.0004779,-2.9765e-16,0.0004779,-0.00092753,-0.00085958,0.00092753
0.00045376,-3.9485e-16,0.00045376,-0.0009187,-0.00081974,0.0009187
0.00043085,-2.6033e-16,0.00043085,-0.00090989,-0.00078189,0.00090989
0.00040909,-2.5647e-16,0.00040909,-0.00090109,-0.00074591,0.00090109
0.00038843,-2.3831e-16,0.00038843,-0.00089232,-0.00071171,0.00089232
0.00036882,-5.4058e-16,0.00036882,-0.00088357,-0.0006792,0.00088357
0.00035019,-3.4229e-16,0.00035019,-0.00087485,-0.0006483,0.00087485
0.00033251,-3.4146e-16,0.00033251,-0.00086616,-0.00061893,0.00086616
0.00031571,-2.9718e-16,0.00031571,-0.0008575,-0.000591,0.0008575
0.00029977,-5.4879e-16,0.00029977,-0.00084888,-0.00056445,0.00084888
0.00028463,-6.6131e-16,0.00028463,-0.00084029,-0.00053921,0.00084029
0.00027026,-4.1694e-16,0.00027026,-0.00083174,-0.00051521,0.00083174
0.00025661,-2.959e-16,0.00025661,-0.00082323,-0.00049239,0.00082323
0.00024365,-3.135e-16,0.00024365,-0.00081476,-0.00047069,0.00081476
0.00023135,-4.1295e-16,0.00023135,-0.00080633,-0.00045005,0.00080633
0.00021966,-5.7567e-16,0.00021966,-0.00079795,-0.00043042,0.00079795
0.00020857,-4.9048e-16,0.00020857,-0.0007896,-0.00041175,0.0007896
0.00019804,-4.9517e-16,0.00019804,-0.0007813,-0.00039399,0.0007813
0.00018804,-4.2902e-16,0.00018804,-0.00077304,-0.00037709,0.00077304
0.00017854,-4.4559e-16,0.00017854,-0.00076482,-0.00036102,0.00076482
0.00016952,-3.0683e-16,0.00016952,-0.00075665,-0.00034572,0.00075665
0.00016096,-5.2204e-16,0.00016096,-0.00074852,-0.00033116,0.00074852
0.00015284,-4.5862e-16,0.00015284,-0.00074043,-0.00031731,0.00074043
0.00014512,-4.1728e-16,0.00014512,-0.00073239,-0.00030413,0.00073239
0.00013779,-4.2292e-16,0.00013779,-0.00072439,-0.00029157,0.00072439
0.00013083,-4.2344e-16,0.00013083,-0.00071644,-0.00027962,0.00071644
0.00012422,-3.3861e-16,0.00012422,-0.00070853,-0.00026825,0.00070853
0.00011795,-3.6948e-16,0.00011795,-0.00070067,-0.00025741,0.00070067
0.00011199,-2.5659e-16,0.00011199,-0.00069284,-0.00024709,0.00069284
0.00010634,-3.097e-16,0.00010634,-0.00068506,-0.00023726,0.00068506
0.00010097,-1.9973e-16,0.00010097,-0.00067733,-0.00022789,0.00067733
9.5869e-05,-1.6439e-16,9.5869e-05,-0.00066963,-0.00021897,0.00066963
9.1028e-05,-6.2079e-17,9.1028e-05,-0.00066198,-0.00021046,0.00066198
8.6431e-05,-2.4133e-16,8.6431e-05,-0.00065437,-0.00020236,0.00065437
8.2066e-05,-3.13e-16,8.2066e-05,-0.00064681,-0.00019463,0.00064681
7.7922e-05,-1.9905e-16,7.7922e-05,-0.00063928,-0.00018726,0.00063928
7.3987e-05,-1.0731e-16,7.3987e-05,-0.0006318,-0.00018023,0.0006318
7.025e-05,-9.864e-17,7.025e-05,-0.00062436,-0.00017352,0.00062436
6.6703e-05,-1.3004e-16,6.6703e-05,-0.00061696,-0.00016713,0.00061696
6.3334e-05,-2.6926e-16,6.3334e-05,-0.0006096,-0.00016102,0.0006096
6.0136e-05,-1.9103e-16,6.0136e-05,-0.00060228,-0.00015519,0.00060228
5.7099e-05,-2.3847e-16,5.7099e-05,-0.000595,-0.00014963,0.000595
5.4215e-05,-1.7383e-16,5.4215e-05,-0.00058776,-0.00014432,0.00058776
5.1477e-05,-2.221e-16,5.1477e-05,-0.00058056,-0.00013924,0.00058056
4.8878e-05,-3.0046e-16,4.8878e-05,-0.00057341,-0.00013439,0.00057341
4.641e-05,-3.1925e-16,4.641e-05,-0.00056629,-0.00012975,0.00056629
4.4066e-05,-4.5226e-16,4.4066e-05,-0.00055921,-0.00012532,0.00055921
4.1841e-05,-2.771e-16,4.1841e-05,-0.00055216,-0.00012108,0.00055216
3.9728e-05,-4.0487e-16,3.9728e-05,-0.00054516,-0.00011703,0.00054516
3.7721e-05,-6.9039e-16,3.7721e-05,-0.0005382,-0.00011315,0.0005382
3.5816e-05,-8.1004e-16,3.5816e-05,-0.00053127,-0.00010944,0.00053127
3.4008e-05,-9.745e-16,3.4008e-05,-0.00052439,-0.00010588,0.00052439
3.229e-05,-7.8327e-16,3.229e-05,-0.00051754,-0.00010247,0.00051754
3.066e-05,-6.2977e-16,3.066e-05,-0.00051073,-9.921e-05,0.00051073
2.9111e-05,-4.36e-16,2.9111e-05,-0.00050396,-9.6082e-05,0.00050396
2.7641e-05,-4.8187e-16,2.7641e-05,-0.00049722,-9.3082e-05,0.00049722
2.6245e-05,-6.6094e-16,2.6245e-05,-0.00049053,-9.0205e-05,0.00049053
2.492e-05,-8.7589e-16,2.492e-05,-0.00048387,-8.7444e-05,0.00048387
2.3661e-05,-6.3207e-16,2.3661e-05,-0.00047725,-8.4794e-05,0.00047725
2.2467e-05,-6.6149e-16,2.2467e-05,-0.00047067,-8.2248e-05,0.00047067
2.1332e-05,-7.1765e-16,2.1332e-05,-0.00046412,-7.9803e-05,0.00046412
2.0255e-05,-6.0994e-16,2.0255e-05,-0.00045762,-7.7453e-05,0.00045762
1.9232e-05,-6.2398e-16,1.9232e-05,-0.00045115,-7.5193e-05,0.00045115
1.8261e-05,-6.3343e-16,1.8261e-05,-0.00044472,-7.3019e-05,0.00044472
1.7339e-05,-4.9823e-16,1.7339e-05,-0.00043832,-7.0926e-05,0.00043832
1.6463e-05,-5.5475e-16,1.6463e-05,-0.00043197,-6.8912e-05,0.00043197
1.5632e-05,-3.8364e-16,1.5632e-05,-0.00042565,-6.6971e-05,0.00042565
1.4842e-05,-6.4613e-16,1.4842e-05,-0.00041937,-6.5101e-05,0.00041937
1.4093e-05,-6.1582e-16,1.4093e-05,-0.00041313,-6.3298e-05,0.00041313
1.3381e-05,-4.9775e-16,1.3381e-05,-0.00040692,-6.1559e-05,0.00040692
1.2705e-05,-7.3451e-16,1.2705e-05,-0.00040076,-5.988e-05,0.00040076
1.2064e-05,-8.2598e-16,1.2064e-05,-0.00039463,-5.826e-05,0.00039463
1.1454e-05,-8.5784e-16,1.1454e-05,-0.00038854,-5.6694e-05,0.00038854
1.0876e-05,-7.1546e-16,1.0876e-05,-0.00038249,-5.5181e-05,0.00038249
1.0327e-05,-7.5607e-16,1.0327e-05,-0.00037648,-5.3719e-05,0.00037648
9.8052e-06,-8.2445e-16,9.8052e-06,-0.00037051,-5.2303e-05,0.00037051
9.31e-06,-6.8177e-16,9.31e-06,-0.00036457,-5.0934e-05,0.00036457
8.8399e-06,-7.6579e-16,8.8399e-06,-0.00035868,-4.9607e-05,0.00035868
8.3935e-06,-5.7149e-16,8.3935e-06,-0.00035282,-4.8323e-05,0.00035282
7.9696e-06,-5.3528e-16,7.9696e-06,-0.00034701,-4.7077e-05,0.00034701
7.5671e-06,-5.5877e-16,7.5671e-06,-0.00034123,-4.5869e-05,0.00034123
7.185e-06,-5.3293e-16,7.185e-06,-0.0003355,-4.4697e-05,0.0003355
6.8221e-06,-4.1812e-16,6.8221e-06,-0.0003298,-4.356e-05,0.0003298
6.4776e-06,-3.7864e-16,6.4776e-06,-0.00032414,-4.2455e-05,0.00032414
6.1505e-06,-2.7353e-16,6.1505e-06,-0.00031853,-4.1382e-05,0.00031853
5.8399e-06,-3.9232e-16,5.8399e-06,-0.00031295,-4.0339e-05,0.00031295
5.545e-06,-3.9734e-16,5.545e-06,-0.00030742,-3.9325e-05,0.00030742
5.265e-06,-3.3076e-16,5.265e-06,-0.00030192,-3.8338e-05,0.00030192
4.9991e-06,-2.9768e-16,4.9991e-06,-0.00029647,-3.7377e-05,0.00029647
4.7466e-06,-4.9629e-16,4.7466e-06,-0.00029106,-3.6441e-05,0.00029106
4.5069e-06,-1.2143e-16,4.5069e-06,-0.00028569,-3.553e-05,0.00028569
4.2793e-06,-3.2638e-16,4.2793e-06,-0.00028037,-3.4642e-05,0.00028037
4.0632e-06,-2.3744e-16,4.0632e-06,-0.00027508,-3.3776e-05,0.00027508
3.858e-06,-3.6676e-16,3.858e-06,-0.00026984,-3.2931e-05,0.00026984
3.6632e-06,-5.5305e-16,3.6632e-06,-0.00026464,-3.2107e-05,0.00026464
3.4782e-06,-4.0941e-16,3.4782e-06,-0.00025948,-3.1302e-05,0.00025948
3.3026e-06,-4.9297e-16,3.3026e-06,-0.00025437,-3.0516e-05,0.00025437
3.1358e-06,-4.9832e-16,3.1358e-06,-0.0002493,-2.9749e-05,0.0002493
2.9774e-06,-4.1736e-16,2.9774e-06,-0.00024427,-2.8999e-05,0.00024427
2.8271e-06,-3.2782e-16,2.8271e-06,-0.00023929,-2.8266e-05,0.00023929
2.6843e-06,-3.7876e-16,2.6843e-06,-0.00023436,-2.7549e-05,0.00023436
2.5487e-06,-4.2222e-16,2.5487e-06,-0.00022946,-2.6848e-05,0.00022946
2.42e-06,-4.2086e-16,2.42e-06,-0.00022462,-2.6162e-05,0.00022462
2.2978e-06,-5.6161e-16,2.2978e-06,-0.00021981,-2.5491e-05,0.00021981
2.1818e-06,-5.7739e-16,2.1818e-06,-0.00021506,-2.4833e-05,0.00021506
2.0716e-06,-4.3512e-16,2.0716e-06,-0.00021035,-2.419e-05,0.00021035
1.967e-06,-6.1999e-16,1.967e-06,-0.00020568,-2.356e-05,0.00020568
1.8676e-06,-5.3115e-16,1.8676e-06,-0.00020106,-2.2942e-05,0.00020106
1.7733e-06,-5.786e-16,1.7733e-06,-0.00019649,-2.2337e-05,0.00019649
1.6838e-06,-8.3693e-16,1.6838e-06,-0.00019197,-2.1745e-05,0.00019197
1.5987e-06,-5.9654e-16,1.5987e-06,-0.00018749,-2.1163e-05,0.00018749
1.518e-06,-5.6132e-16,1.518e-06,-0.00018306,-2.0594e-05,0.00018306
1.4414e-06,-4.0574e-16,1.4414e-06,-0.00017868,-2.0035e-05,0.00017868
1.3686e-06,-4.1475e-16,1.3686e-06,-0.00017435,-1.9488e-05,0.00017435
1.2995e-06,-4.2549e-16,1.2995e-06,-0.00017007,-1.8951e-05,0.00017007
1.2338e-06,-6.2815e-16,1.2338e-06,-0.00016583,-1.8424e-05,0.00016583
1.1715e-06,-5.1545e-16,1.1715e-06,-0.00016165,-1.7907e-05,0.00016165
1.1124e-06,-4.1459e-16,1.1124e-06,-0.00015751,-1.74e-05,0.00015751
1.0562e-06,-4.0928e-16,1.0562e-06,-0.00015342,-1.6903e-05,0.00015342
1.0028e-06,-4.1128e-16,1.0028e-06,-0.00014939,-1.6416e-05,0.00014939
9.522e-07,-4.3435e-16,9.522e-07,-0.0001454,-1.5937e-05,0.0001454
9.0412e-07,-3.8608e-16,9.0412e-07,-0.00014147,-1.5468e-05,0.00014147
8.5846e-07,-3.9523e-16,8.5846e-07,-0.00013759,-1.5007e-05,0.00013759
8.1511e-07,-3.6969e-16,8.1511e-07,-0.00013376,-1.4555e-05,0.00013376
7.7394e-07,-4.6812e-16,7.7394e-07,-0.00012998,-1.4112e-05,0.00012998
7.3486e-07,-5.0069e-16,7.3486e-07,-0.00012625,-1.3678e-05,0.00012625
6.9775e-07,-2.1193e-16,6.9775e-07,-0.00012258,-1.3251e-05,0.00012258
6.6251e-07,-2.713e-16,6.6251e-07,-0.00011896,-1.2833e-05,0.00011896
6.2906e-07,-4.381e-16,6.2906e-07,-0.00011539,-1.2424e-05,0.00011539
5.9729e-07,-4.4104e-16,5.9729e-07,-0.00011188,-1.2022e-05,0.00011188
5.6713e-07,-2.8549e-16,5.6713e-07,-0.00010842,-1.1628e-05,0.00010842
5.3849e-07,-2.2449e-16,5.3849e-07,-0.00010502,-1.1242e-05,0.00010502
5.1129e-07,-2.3761e-16,5.1129e-07,-0.00010167,-1.0864e-05,0.00010167
4.8547e-07,-1.1993e-16,4.8547e-07,-9.8376e-05,-1.0493e-05,9.8376e-05
4.6096e-07,-1.3657e-16,4.6096e-07,-9.5138e-05,-1.013e-05,9.5138e-05
4.3768e-07,-2.0135e-16,4.3768e-07,-9.1957e-05,-9.7749e-06,9.1957e-05
4.1558e-07,3.859e-17,4.1558e-07,-8.8831e-05,-9.4272e-06,8.8831e-05
3.9459e-07,-3.5477e-16,3.9459e-07,-8.5763e-05,-9.0869e-06,8.5763e-05
3.7466e-07,2.8973e-17,3.7466e-07,-8.2752e-05,-8.754e-06,8.2752e-05
3.5574e-07,-1.9664e-16,3.5574e-07,-7.9798e-05,-8.4286e-06,7.9798e-05
3.3778e-07,-9.7218e-17,3.3778e-07,-7.6903e-05,-8.1106e-06,7.6903e-05
3.2072e-07,-1.3202e-16,3.2072e-07,-7.4065e-05,-7.7998e-06,7.4065e-05
3.0452e-07,-1.4722e-16,3.0452e-07,-7.1287e-05,-7.4964e-06,7.1287e-05
2.8914e-07,-1.3084e-16,2.8914e-07,-6.8568e-05,-7.2003e-06,6.8568e-05
2.7454e-07,-1.5484e-16,2.7454e-07,-6.5908e-05,-6.9115e-06,6.5908e-05
2.6068e-07,-3.621e-17,2.6068e-07,-6.3309e-05,-6.6299e-06,6.3309e-05
2.4751e-07,-2.0689e-16,2.4751e-07,-6.077e-05,-6.3555e-06,6.077e-05
2.3501e-07,-4.0845e-16,2.3501e-07,-5.8292e-05,-6.0884e-06,5.8292e-05
2.2315e-07,-1.8018e-16,2.2315e-07,-5.5875e-05,-5.8286e-06,5.5875e-05
2.1188e-07,-3.2592e-16,2.1188e-07,-5.352e-05,-5.576e-06,5.352e-05
2.0118e-07,-5.8059e-16,2.0118e-07,-5.1227e-05,-5.3306e-06,5.1227e-05
1.9102e-07,-4.5283e-16,1.9102e-07,-4.8996e-05,-5.0925e-06,4.8996e-05
1.8137e-07,-6.0245e-16,1.8137e-07,-4.6828e-05,-4.8617e-06,4.6828e-05
1.7221e-07,-4.1339e-16,1.7221e-07,-4.4724e-05,-4.6381e-06,4.4724e-05
1.6352e-07,-3.2041e-16,1.6352e-07,-4.2684e-05,-4.4219e-06,4.2684e-05
1.5526e-07,-4.8298e-16,1.5526e-07,-4.0708e-05,-4.2129e-06,4.0708e-05
1.4742e-07,-4.0867e-16,1.4742e-07,-3.8797e-05,-4.0112e-06,3.8797e-05
1.3997e-07,-2.5861e-16,1.3997e-07,-3.6951e-05,-3.8169e-06,3.6951e-05
1.329e-07,-4.7322e-16,1.329e-07,-3.517e-05,-3.63e-06,3.517e-05
1.2619e-07,-3.918e-16,1.2619e-07,-3.3456e-05,-3.4505e-06,3.3456e-05
1.1982e-07,-5.0465e-16,1.1982e-07,-3.1809e-05,-3.2784e-06,3.1809e-05
1.1377e-07,-6.0357e-16,1.1377e-07,-3.0228e-05,-3.1137e-06,3.0228e-05
1.0802e-07,-5.9917e-16,1.0802e-07,-2.8715e-05,-2.9566e-06,2.8715e-05
1.0257e-07,-4.037e-16,1.0257e-07,-2.727e-05,-2.807e-06,2.727e-05
9.7389e-08,-3.3112e-16,9.7389e-08,-2.5894e-05,-2.6649e-06,2.5894e-05
9.2471e-08,-1.9731e-16,9.2471e-08,-2.4586e-05,-2.5302e-06,2.4586e-05
8.7801e-08,-1.9749e-16,8.7801e-08,-2.3346e-05,-2.4024e-06,2.3346e-05
8.3367e-08,-9.0812e-17,8.3367e-08,-2.2178e-05,-2.2786e-06,2.2175e-05
7.9157e-08,-8.1764e-17,7.9157e-08,-2.1088e-05,-2.1556e-06,2.1079e-05
7.5159e-08,-1.3891e-16,7.5159e-08,-2.008e-05,-2.0308e-06,2.006e-05
7.1364e-08,3.7596e-19,7.1364e-08,-1.9159e-05,-1.9018e-06,1.9121e-05
6.776e-08,1.0277e-16,6.776e-08,-1.8327e-05,-1.767e-06,1.8263e-05
6.4338e-08,3.8429e-16,6.4338e-08,-1.7586e-05,-1.625e-06,1.7488e-05
6.1089e-08,2.3199e-16,6.1089e-08,-1.6939e-05,-1.4751e-06,1.6798e-05
5.8004e-08,1.0562e-16,5.8004e-08,-1.6386e-05,-1.3171e-06,1.6192e-05
5.5075e-08,2.9423e-16,5.5075e-08,-1.5927e-05,-1.1511e-06,1.5671e-05
5.2294e-08,2.0326e-16,5.2294e-08,-1.5563e-05,-9.7779e-07,1.5236e-05
4.9653e-08,6.0318e-17,4.9653e-08,-1.5292e-05,-7.9804e-07,1.4885e-05
4.7145e-08,9.841e-17,4.7145e-08,-1.5113e-05,-6.1318e-07,1.4618e-05
4.4764e-08,2.3081e-16,4.4764e-08,-1.5025e-05,-4.2477e-07,1.4434e-05
4.2504e-08,5.666e-17,4.2504e-08,-1.5026e-05,-2.3461e-07,1.4331e-05
4.0357e-08,1.1783e-16,4.0357e-08,-1.5113e-05,-4.463e-08,1.4309e-05
3.8319e-08,8.2222e-17,3.8319e-08,-1.5283e-05,1.4309e-07,1.4365e-05
3.6384e-08,1.3151e-16,3.6384e-08,-1.5534e-05,3.2644e-07,1.4499e-05
3.4547e-08,2.3845e-18,3.4547e-08,-1.5862e-05,5.0331e-07,1.4707e-05
3.2802e-08,1.9991e-16,3.2802e-08,-1.6263e-05,6.7163e-07,1.4987e-05
3.1146e-08,5.8588e-17,3.1146e-08,-1.6734e-05,8.2945e-07,1.5338e-05
2.9573e-08,7.3821e-17,2.9573e-08,-1.727e-05,9.7496e-07,1.5755e-05
2.8079e-08,8.4353e-17,2.8079e-08,-1.7868e-05,1.1065e-06,1.6238e-05
2.6661e-08,1.2793e-16,2.6661e-08,-1.8523e-05,1.2228e-06,1.6783e-05
2.5315e-08,1.5815e-16,2.5315e-08,-1.923e-05,1.3227e-06,1.7386e-05
2.4037e-08,1.897e-16,2.4037e-08,-1.9986e-05,1.4054e-06,1.8046e-05
2.2823e-08,3.0141e-16,2.2823e-08,-2.0785e-05,1.4703e-06,1.8758e-05
2.167e-08,4.0555e-16,2.167e-08,-2.1622e-05,1.5174e-06,1.952e-05
2.0576e-08,2.9465e-16,2.0576e-08,-2.2494e-05,1.5468e-06,2.0327e-05
1.9537e-08,4.4951e-16,1.9537e-08,-2.3395e-05,1.5591e-06,2.1177e-05
1.855e-08,5.2381e-16,1.855e-08,-2.432e-05,1.5552e-06,2.2066e-05
1.7613e-08,4.9e-16,1.7613e-08,-2.5265e-05,1.5363e-06,2.299e-05
1.6724e-08,3.9425e-16,1.6724e-08,-2.6226e-05,1.5042e-06,2.3946e-05
1.5879e-08,3.2951e-16,1.5879e-08,-2.7196e-05,1.4606e-06,2.493e-05
1.5077e-08,5.7744e-16,1.5077e-08,-2.8173e-05,1.4079e-06,2.5938e-05
0,0,0,-2.9151e-05,1.3485e-06,2.6966e-05
1.4316e-08,3.8087e-16,1.4316e-08,-3.0126e-05,1.2854e-06,2.801e-05
0,0,0,-3.1094e-05,1.2214e-06,2.9067e-05
1.3593e-08,4.417e-16,1.3593e-08,-3.205e-05,1.1598e-06,3.0133e-05
1.2907e-08,3.6753e-16,1.2907e-08,-3.2991e-05,1.104e-06,3.1204e-05
1.2255e-08,2.9247e-16,1.2255e-08,-3.3912e-05,1.0573e-06,3.2275e-05
0,0,0,-3.481e-05,1.0233e-06,3.3343e-05
1.1636e-08,2.5387e-16,1.1636e-08,-3.5682e-05,1.0056e-06,3.4405e-05
0,0,0,-3.6523e-05,1.0075e-06,3.5456e-05
0,0,0,-3.7331e-05,1.0326e-06,3.6493e-05
0,0,0,-3.8102e-05,1.0841e-06,3.7511e-05
0,0,0,-3.8833e-05,1.1652e-06,3.8508e-05
0,0,0,-3.9523e-05,1.2787e-06,3.9479e-05
1.1048e-08,1.4951e-16,1.1048e-08,-4.0168e-05,1.4273e-06,4.0422e-05
1.049e-08,1.6746e-17,1.049e-08,-4.0766e-05,1.6134e-06,4.1332e-05
0,0,0,-4.1314e-05,1.8389e-06,4.2207e-05
9.9606e-09,-1.7917e-16,9.9606e-09,-4.1812e-05,2.1054e-06,4.3043e-05
9.4576e-09,-1.2854e-16,9.4576e-09,-4.2257e-05,2.4143e-06,4.3837e-05
8.98e-09,-1.3295e-16,8.98e-09,-4.2648e-05,2.7662e-06,4.4586e-05
0,0,0,-4.2984e-05,3.1615e-06,4.5288e-05
0,0,0,-4.3263e-05,3.5999e-06,4.5939e-05
0,0,0,-4.3484e-05,4.0808e-06,4.6537e-05
0,0,0,-4.3648e-05,4.603e-06,4.7079e-05
0,0,0,-4.3753e-05,5.1647e-06,4.7564e-05
0,0,0,-4.3799e-05,5.7636e-06,4.7988e-05
8.5265e-09,1.7188e-17,8.5265e-09,-4.3787e-05,6.3972e-06,4.8351e-05
0,0,0,-4.3716e-05,7.0619e-06,4.865e-05
0,0,0,-4.3586e-05,7.7542e-06,4.8885e-05
0,0,0,-4.3399e-05,8.4698e-06,4.9053e-05
8.0959e-09,-2.5152e-16,8.0959e-09,-4.3155e-05,9.204e-06,4.9153e-05
7.6871e-09,-1.7148e-16,7.6871e-09,-4.2855e-05,9.9518e-06,4.9185e-05
0,0,0,-4.25e-05,1.0708e-05,4.9147e-05
0,0,0,-4.2091e-05,1.1466e-05,4.904e-05
0,0,0,-4.163e-05,1.2221e-05,4.8863e-05
0,0,0,-4.1118e-05,1.2967e-05,4.8616e-05
0,0,0,-4.0557e-05,1.3696e-05,4.8299e-05
0,0,0,-3.9948e-05,1.4403e-05,4.7913e-05
0,0,0,-3.9295e-05,1.5081e-05,4.7458e-05
7.2989e-09,-3.5915e-16,7.2989e-09,-3.8598e-05,1.5724e-05,4.6936e-05
0,0,0,-3.7861e-05,1.6326e-05,4.6347e-05
0,0,0,-3.7085e-05,1.6881e-05,4.5694e-05
0,0,0,-3.6273e-05,1.7383e-05,4.4977e-05
0,0,0,-3.5428e-05,1.7827e-05,4.42e-05
0,0,0,-3.4553e-05,1.8208e-05,4.3364e-05
0,0,0,-3.3649e-05,1.8522e-05,4.2471e-05
0,0,0,-3.2721e-05,1.8766e-05,4.1526e-05
0,0,0,-3.177e-05,1.8935e-05,4.053e-05
0,0,0,-3.0801e-05,1.9029e-05,3.9489e-05
0,0,0,-2.9815e-05,1.9045e-05,3.8404e-05
0,0,0,-2.8817e-05,1.8984e-05,3.728e-05
0,0,0,-2.7809e-05,1.8846e-05,3.6123e-05
0,0,0,-2.6794e-05,1.8632e-05,3.4935e-05
0,0,0,-2.5777e-05,1.8345e-05,3.3722e-05
0,0,0,-2.476e-05,1.7988e-05,3.249e-05
0,0,0,-2.3746e-05,1.7567e-05,3.1243e-05
0,0,0,-2.2739e-05,1.7085e-05,2.9988e-05
0,0,0,-2.1744e-05,1.6551e-05,2.8731e-05
0,0,0,-2.0762e-05,1.5971e-05,2.7477e-05
0,0,0,-1.9798e-05,1.5355e-05,2.6233e-05
0,0,0,-1.8856e-05,1.4712e-05,2.5006e-05
0,0,0,-1.7939e-05,1.4052e-05,2.3804e-05
0,0,0,-1.7051e-05,1.3387e-05,2.2633e-05
0,0,0,-1.6196e-05,1.2728e-05,2.1502e-05
0,0,0,-1.5379e-05,1.2087e-05,2.0417e-05
6.9303e-09,-6.1157e-16,6.9303e-09,-1.4602e-05,1.1477e-05,1.9386e-05
0,0,0,-1.3865e-05,1.0898e-05,1.8407e-05
0,0,0,-1.3165e-05,1.0347e-05,1.7477e-05
0,0,0,-1.25e-05,9.8247e-06,1.6595e-05
0,0,0,-1.1869e-05,9.3286e-06,1.5757e-05
0,0,0,-1.1269e-05,8.8575e-06,1.4961e-05
0,0,0,-1.07e-05,8.4102e-06,1.4206e-05
0,0,0,-1.016e-05,7.9855e-06,1.3488e-05
0,0,0,-9.6467e-06,7.5823e-06,1.2807e-05
0,0,0,-9.1595e-06,7.1994e-06,1.216e-05
0,0,0,-8.697e-06,6.8358e-06,1.1546e-05
0,0,0,-8.2578e-06,6.4906e-06,1.0963e-05
0,0,0,-7.8407e-06,6.1629e-06,1.0409e-05
0,0,0,-7.4448e-06,5.8517e-06,9.8837e-06
0,0,0,-7.0688e-06,5.5562e-06,9.3846e-06
0,0,0,-6.7118e-06,5.2756e-06,8.9107e-06
0,0,0,-6.3729e-06,5.0092e-06,8.4607e-06
0,0,0,-6.051e-06,4.7562e-06,8.0334e-06
0,0,0,-5.7455e-06,4.516e-06,7.6277e-06
0,0,0,-5.4553e-06,4.288e-06,7.2425e-06
0,0,0,-5.1798e-06,4.0714e-06,6.8768e-06
0,0,0,-4.9182e-06,3.8658e-06,6.5295e-06
6.5803e-09,-6.8768e-16,6.5803e-09,-4.6699e-06,3.6706e-06,6.1997e-06
0,0,0,-4.434e-06,3.4852e-06,5.8867e-06
0,0,0,-4.2101e-06,3.3092e-06,5.5894e-06
0,0,0,-3.9975e-06,3.1421e-06,5.3071e-06
0,0,0,-3.7956e-06,2.9835e-06,5.0391e-06
0,0,0,-3.604e-06,2.8328e-06,4.7846e-06
0,0,0,-3.422e-06,2.6897e-06,4.543e-06
0,0,0,-3.2491e-06,2.5539e-06,4.3136e-06
0,0,0,-3.0851e-06,2.4249e-06,4.0957e-06
0,0,0,-2.9293e-06,2.3025e-06,3.8889e-06
0,0,0,-2.7813e-06,2.1862e-06,3.6925e-06
0,0,0,-2.6409e-06,2.0758e-06,3.506e-06
0,0,0,-2.5075e-06,1.971e-06,3.329e-06
0,0,0,-2.3809e-06,1.8714e-06,3.1609e-06
0,0,0,-2.2606e-06,1.7769e-06,3.0013e-06
0,0,0,-2.1465e-06,1.6872e-06,2.8497e-06
0,0,0,-2.0381e-06,1.602e-06,2.7058e-06
0,0,0,-1.9352e-06,1.5211e-06,2.5691e-06
0,0,0,-1.8374e-06,1.4443e-06,2.4394e-06
0,0,0,-1.7446e-06,1.3713e-06,2.3162e-06
0,0,0,-1.6565e-06,1.3021e-06,2.1992e-06
0,0,0,-1.5729e-06,1.2363e-06,2.0882e-06
0,0,0,-1.4935e-06,1.1739e-06,1.9827e-06
0,0,0,-1.418e-06,1.1146e-06,1.8826e-06
0,0,0,-1.3464e-06,1.0583e-06,1.7875e-06
6.248e-09,-1.0506e-15,6.248e-09,-1.2784e-06,1.0049e-06,1.6973e-06
0,0,0,-1.2139e-06,9.5414e-07,1.6115e-06
0,0,0,-1.1526e-06,9.0596e-07,1.5302e-06
0,0,0,-1.0944e-06,8.6021e-07,1.4529e-06
0,0,0,-1.0391e-06,8.1677e-07,1.3795e-06
0,0,0,-9.8662e-07,7.7552e-07,1.3098e-06
0,0,0,-9.368e-07,7.3636e-07,1.2437e-06
0,0,0,-8.8949e-07,6.9917e-07,1.1809e-06
0,0,0,-8.4457e-07,6.6386e-07,1.1213e-06
0,0,0,-8.0192e-07,6.3034e-07,1.0646e-06
0,0,0,-7.6142e-07,5.9851e-07,1.0109e-06
0,0,0,-7.2297e-07,5.6828e-07,9.5982e-07
0,0,0,-6.8646e-07,5.3958e-07,9.1135e-07
0,0,0,-6.518e-07,5.1234e-07,8.6533e-07
0,0,0,-6.1888e-07,4.8646e-07,8.2163e-07
0,0,0,-5.8763e-07,4.619e-07,7.8014e-07
0,0,0,-5.5795e-07,4.3857e-07,7.4074e-07
0,0,0,-5.2977e-07,4.1642e-07,7.0333e-07
0,0,0,-5.0302e-07,3.9539e-07,6.6781e-07
0,0,0,-4.7762e-07,3.7543e-07,6.3409e-07
0,0,0,-4.535e-07,3.5647e-07,6.0207e-07
0,0,0,-4.306e-07,3.3847e-07,5.7166e-07
0,0,0,-4.0885e-07,3.2137e-07,5.4279e-07
0,0,0,-3.882e-07,3.0514e-07,5.1538e-07
0,0,0,-3.6938e-07,2.9145e-07,4.9069e-07
0,0,0,-3.5764e-07,2.9198e-07,4.7768e-07
0,0,0,-3.5837e-07,3.1865e-07,4.8556e-07
0,0,0,-3.764e-07,3.8174e-07,5.2245e-07
0,0,0,-4.1594e-07,4.8983e-07,5.9539e-07
0,0,0,-4.8073e-07,6.4983e-07,7.1049e-07
0,0,0,-5.7404e-07,8.6701e-07,8.7289e-07
0,0,0,-6.9869e-07,1.1451e-06,1.0869e-06
0,0,0,-8.5713e-07,1.4861e-06,1.356e-06
0,0,0,-1.0515e-06,1.8909e-06,1.683e-06
0,0,0,-1.2834e-06,2.3588e-06,2.0698e-06
0,0,0,-1.5545e-06,2.8879e-06,2.5179e-06
0,0,0,-1.8658e-06,3.4751e-06,3.0281e-06
0,0,0,-2.2182e-06,4.1164e-06,3.6006e-06
0,0,0,-2.6125e-06,4.8068e-06,4.2351e-06
0,0,0,-3.0489e-06,5.5406e-06,4.9308e-06
0,0,0,-3.5277e-06,6.3113e-06,5.6865e-06
0,0,0,-4.0488e-06,7.1122e-06,6.5006e-06
0,0,0,-4.6121e-06,7.9358e-06,7.3712e-06
5.9325e-09,8.1928e-17,5.9325e-09,-5.217e-06,8.7746e-06,8.2957e-06
0,0,0,-5.863e-06,9.6209e-06,9.2717e-06
0,0,0,-6.5492e-06,1.0467e-05,1.0296e-05
0,0,0,-7.2746e-06,1.1305e-05,1.1366e-05
0,0,0,-8.0382e-06,1.2127e-05,1.2478e-05
0,0,0,-8.8385e-06,1.2927e-05,1.3628e-05
0,0,0,-9.674e-06,1.3696e-05,1.4814e-05
0,0,0,-1.0543e-05,1.443e-05,1.6029e-05
5.6329e-09,8.3661e-17,5.6329e-09,-1.1444e-05,1.5121e-05,1.7272e-05
0,0,0,-1.2375e-05,1.5764e-05,1.8538e-05
0,0,0,-1.3334e-05,1.6354e-05,1.9822e-05
0,0,0,-1.4318e-05,1.6887e-05,2.112e-05
5.3484e-09,4.0877e-16,5.3484e-09,-1.5326e-05,1.736e-05,2.2429e-05
0,0,0,-1.6355e-05,1.7768e-05,2.3744e-05
0,0,0,-1.7402e-05,1.8111e-05,2.506e-05
0,0,0,-1.8464e-05,1.8386e-05,2.6373e-05
0,0,0,-1.954e-05,1.8593e-05,2.768e-05
0,0,0,-2.0626e-05,1.8731e-05,2.8976e-05
0,0,0,-2.1718e-05,1.8801e-05,3.0256e-05
0,0,0,-2.2815e-05,1.8804e-05,3.1518e-05
0,0,0,-2.3914e-05,1.8741e-05,3.2756e-05
0,0,0,-2.501e-05,1.8616e-05,3.3968e-05
0,0,0,-2.6101e-05,1.843e-05,3.5149e-05
0,0,0,-2.7185e-05,1.8186e-05,3.6296e-05
0,0,0,-2.8257e-05,1.789e-05,3.7406e-05
0,0,0,-2.9314e-05,1.7544e-05,3.8475e-05
0,0,0,-3.0354e-05,1.7153e-05,3.95e-05
0,0,0,-3.1373e-05,1.6722e-05,4.0478e-05
0,0,0,-3.2368e-05,1.6256e-05,4.1406e-05
0,0,0,-3.3337e-05,1.5759e-05,4.2283e-05
0,0,0,-3.4275e-05,1.5237e-05,4.3104e-05
0,0,0,-3.518e-05,1.4695e-05,4.3869e-05
0,0,0,-3.605e-05,1.4138e-05,4.4575e-05
0,0,0,-3.688e-05,1.357e-05,4.522e-05
0,0,0,-3.767e-05,1.2998e-05,4.5803e-05
0,0,0,-3.8415e-05,1.2426e-05,4.6322e-05
0,0,0,-3.9113e-05,1.1857e-05,4.6775e-05
0,0,0,-3.9763e-05,1.1298e-05,4.7163e-05
0,0,0,-4.0361e-05,1.075e-05,4.7484e-05
0,0,0,-4.0905e-05,1.0219e-05,4.7737e-05
0,0,0,-4.1394e-05,9.707e-06,4.7922e-05
5.0783e-09,4.8868e-16,5.0783e-09,-4.1826e-05,9.2173e-06,4.804e-05
0,0,0,-4.2198e-05,8.7522e-06,4.8089e-05
0,0,0,-4.251e-05,8.3138e-06,4.807e-05
0,0,0,-4.2759e-05,7.9037e-06,4.7983e-05
0,0,0,-4.2946e-05,7.523e-06,4.783e-05
0,0,0,-4.3068e-05,7.1725e-06,4.761e-05
0,0,0,-4.3125e-05,6.8525e-06,4.7325e-05
0,0,0,-4.3116e-05,6.5627e-06,4.6976e-05
0,0,0,-4.3042e-05,6.3028e-06,4.6564e-05
0,0,0,-4.2901e-05,6.0716e-06,4.6091e-05
0,0,0,-4.2695e-05,5.868e-06,4.5559e-05
0,0,0,-4.2423e-05,5.6904e-06,4.4969e-05
0,0,0,-4.2085e-05,5.5367e-06,4.4323e-05
0,0,0,-4.1684e-05,5.405e-06,4.3623e-05
0,0,0,-4.1219e-05,5.2927e-06,4.2873e-05
0,0,0,-4.0692e-05,5.1973e-06,4.2074e-05
0,0,0,-4.0104e-05,5.1162e-06,4.1228e-05
0,0,0,-3.9458e-05,5.0466e-06,4.034e-05
0,0,0,-3.8756e-05,4.9857e-06,3.9411e-05
0,0,0,-3.7999e-05,4.9307e-06,3.8444e-05
0,0,0,-3.719e-05,4.879e-06,3.7443e-05
4.8219e-09,5.6845e-16,4.8219e-09,-3.6333e-05,4.828e-06,3.6412e-05
0,0,0,-3.5431e-05,4.7752e-06,3.5352e-05
0,0,0,-3.4486e-05,4.7184e-06,3.4269e-05
0,0,0,-3.3502e-05,4.6557e-06,3.3165e-05
0,0,0,-3.2485e-05,4.5855e-06,3.2044e-05
0,0,0,-3.1437e-05,4.5063e-06,3.091e-05
0,0,0,-3.0363e-05,4.4172e-06,2.9767e-05
0,0,0,-2.9269e-05,4.3176e-06,2.862e-05
0,0,0,-2.8159e-05,4.2073e-06,2.7471e-05
0,0,0,-2.7038e-05,4.0864e-06,2.6326e-05
0,0,0,-2.5913e-05,3.9555e-06,2.5189e-05
0,0,0,-2.4789e-05,3.8156e-06,2.4064e-05
0,0,0,-2.3672e-05,3.6682e-06,2.2956e-05
0,0,0,-2.2569e-05,3.515e-06,2.187e-05
0,0,0,-2.1486e-05,3.358e-06,2.0811e-05
0,0,0,-2.0431e-05,3.1996e-06,1.9783e-05
0,0,0,-1.941e-05,3.0426e-06,1.8793e-05
0,0,0,0,0,0
